{
"type": "FeatureCollection",
"name": "WBS2_pts",
"crs": { "type": "name", "properties": { "name": "urn:ogc:def:crs:EPSG::27700" } },
"features": [
{ "type": "Feature", "properties": { "cat": 1, "lcat": 805, "along": 0.0, "objectid": null, "assetid": null, "l_link_id": null, "l_system": null, "elr": null, "l_m_from": null, "l_m_to": null, "shape_len": null, "lm_start": null, "hm_end": null, "start": 23810.0616, "end": 29244.3408, "chain": 23810.0616 }, "geometry": { "type": "Point", "coordinates": [ 362711.53940000012517, 405349.378200000151992, 0.0 ] } },
{ "type": "Feature", "properties": { "cat": 2, "lcat": 805, "along": 19.945255049448001, "objectid": null, "assetid": null, "l_link_id": null, "l_system": null, "elr": null, "l_m_from": null, "l_m_to": null, "shape_len": null, "lm_start": null, "hm_end": null, "start": 23810.0616, "end": 29244.3408, "chain": 23829.967384615382 }, "geometry": { "type": "Point", "coordinates": [ 362691.861202051397413, 405346.126949339173734, 0.0 ] } },
{ "type": "Feature", "properties": { "cat": 3, "lcat": 805, "along": 39.890510098895902, "objectid": null, "assetid": null, "l_link_id": null, "l_system": null, "elr": null, "l_m_from": null, "l_m_to": null, "shape_len": null, "lm_start": null, "hm_end": null, "start": 23810.0616, "end": 29244.3408, "chain": 23849.873169230767 }, "geometry": { "type": "Point", "coordinates": [ 362672.195276258455124, 405342.80060574709205, 0.0 ] } },
{ "type": "Feature", "properties": { "cat": 4, "lcat": 805, "along": 59.835765148343903, "objectid": null, "assetid": null, "l_link_id": null, "l_system": null, "elr": null, "l_m_from": null, "l_m_to": null, "shape_len": null, "lm_start": null, "hm_end": null, "start": 23810.0616, "end": 29244.3408, "chain": 23869.778953846147 }, "geometry": { "type": "Point", "coordinates": [ 362652.529340732726268, 405339.474319697066676, 0.0 ] } },
{ "type": "Feature", "properties": { "cat": 5, "lcat": 805, "along": 79.781020197791804, "objectid": null, "assetid": null, "l_link_id": null, "l_system": null, "elr": null, "l_m_from": null, "l_m_to": null, "shape_len": null, "lm_start": null, "hm_end": null, "start": 23810.0616, "end": 29244.3408, "chain": 23889.684738461528 }, "geometry": { "type": "Point", "coordinates": [ 362632.863405207055621, 405336.148033647041302, 0.0 ] } },
{ "type": "Feature", "properties": { "cat": 6, "lcat": 805, "along": 99.726275247239798, "objectid": null, "assetid": null, "l_link_id": null, "l_system": null, "elr": null, "l_m_from": null, "l_m_to": null, "shape_len": null, "lm_start": null, "hm_end": null, "start": 23810.0616, "end": 29244.3408, "chain": 23909.590523076909 }, "geometry": { "type": "Point", "coordinates": [ 362613.197475003544241, 405332.8217161311768, 0.0 ] } },
{ "type": "Feature", "properties": { "cat": 7, "lcat": 805, "along": 119.671530296688, "objectid": null, "assetid": null, "l_link_id": null, "l_system": null, "elr": null, "l_m_from": null, "l_m_to": null, "shape_len": null, "lm_start": null, "hm_end": null, "start": 23810.0616, "end": 29244.3408, "chain": 23929.496307692294 }, "geometry": { "type": "Point", "coordinates": [ 362593.527173125185072, 405329.521356362500228, 0.0 ] } },
{ "type": "Feature", "properties": { "cat": 8, "lcat": 805, "along": 139.616785346136, "objectid": null, "assetid": null, "l_link_id": null, "l_system": null, "elr": null, "l_m_from": null, "l_m_to": null, "shape_len": null, "lm_start": null, "hm_end": null, "start": 23810.0616, "end": 29244.3408, "chain": 23949.402092307675 }, "geometry": { "type": "Point", "coordinates": [ 362573.856566384551115, 405326.222806765523273, 0.0 ] } },
{ "type": "Feature", "properties": { "cat": 9, "lcat": 805, "along": 159.56204039558401, "objectid": null, "assetid": null, "l_link_id": null, "l_system": null, "elr": null, "l_m_from": null, "l_m_to": null, "shape_len": null, "lm_start": null, "hm_end": null, "start": 23810.0616, "end": 29244.3408, "chain": 23969.307876923056 }, "geometry": { "type": "Point", "coordinates": [ 362554.185959643917158, 405322.924257168546319, 0.0 ] } },
{ "type": "Feature", "properties": { "cat": 10, "lcat": 805, "along": 179.50729544503201, "objectid": null, "assetid": null, "l_link_id": null, "l_system": null, "elr": null, "l_m_from": null, "l_m_to": null, "shape_len": null, "lm_start": null, "hm_end": null, "start": 23810.0616, "end": 29244.3408, "chain": 23989.213661538441 }, "geometry": { "type": "Point", "coordinates": [ 362534.515352903341409, 405319.625707571511157, 0.0 ] } },
{ "type": "Feature", "properties": { "cat": 11, "lcat": 805, "along": 199.45255049447999, "objectid": null, "assetid": null, "l_link_id": null, "l_system": null, "elr": null, "l_m_from": null, "l_m_to": null, "shape_len": null, "lm_start": null, "hm_end": null, "start": 23810.0616, "end": 29244.3408, "chain": 24009.119446153822 }, "geometry": { "type": "Point", "coordinates": [ 362514.844746162707452, 405316.327157974534202, 0.0 ] } },
{ "type": "Feature", "properties": { "cat": 12, "lcat": 805, "along": 219.397805543928, "objectid": null, "assetid": null, "l_link_id": null, "l_system": null, "elr": null, "l_m_from": null, "l_m_to": null, "shape_len": null, "lm_start": null, "hm_end": null, "start": 23810.0616, "end": 29244.3408, "chain": 24029.025230769203 }, "geometry": { "type": "Point", "coordinates": [ 362495.174139422073495, 405313.028608377557248, 0.0 ] } },
{ "type": "Feature", "properties": { "cat": 13, "lcat": 805, "along": 239.34306059337499, "objectid": null, "assetid": null, "l_link_id": null, "l_system": null, "elr": null, "l_m_from": null, "l_m_to": null, "shape_len": null, "lm_start": null, "hm_end": null, "start": 23810.0616, "end": 29244.3408, "chain": 24048.931015384584 }, "geometry": { "type": "Point", "coordinates": [ 362475.503532681497745, 405309.730058780580293, 0.0 ] } },
{ "type": "Feature", "properties": { "cat": 14, "lcat": 805, "along": 259.28831564282302, "objectid": null, "assetid": null, "l_link_id": null, "l_system": null, "elr": null, "l_m_from": null, "l_m_to": null, "shape_len": null, "lm_start": null, "hm_end": null, "start": 23810.0616, "end": 29244.3408, "chain": 24068.8368 }, "geometry": { "type": "Point", "coordinates": [ 362455.832925940863788, 405306.431509183603339, 0.0 ] } },
{ "type": "Feature", "properties": { "cat": 15, "lcat": 805, "along": 279.23357069227097, "objectid": null, "assetid": null, "l_link_id": null, "l_system": null, "elr": null, "l_m_from": null, "l_m_to": null, "shape_len": null, "lm_start": null, "hm_end": null, "start": 23810.0616, "end": 29244.3408, "chain": 24088.742584615349 }, "geometry": { "type": "Point", "coordinates": [ 362436.162319200288039, 405303.132959586626384, 0.0 ] } },
{ "type": "Feature", "properties": { "cat": 16, "lcat": 805, "along": 299.17882574171898, "objectid": null, "assetid": null, "l_link_id": null, "l_system": null, "elr": null, "l_m_from": null, "l_m_to": null, "shape_len": null, "lm_start": null, "hm_end": null, "start": 23810.0616, "end": 29244.3408, "chain": 24108.64836923073 }, "geometry": { "type": "Point", "coordinates": [ 362416.491712459654082, 405299.83440998964943, 0.0 ] } },
{ "type": "Feature", "properties": { "cat": 17, "lcat": 805, "along": 319.12408079116699, "objectid": null, "assetid": null, "l_link_id": null, "l_system": null, "elr": null, "l_m_from": null, "l_m_to": null, "shape_len": null, "lm_start": null, "hm_end": null, "start": 23810.0616, "end": 29244.3408, "chain": 24128.554153846115 }, "geometry": { "type": "Point", "coordinates": [ 362396.821105719020125, 405296.535860392672475, 0.0 ] } },
{ "type": "Feature", "properties": { "cat": 18, "lcat": 805, "along": 339.069335840615, "objectid": null, "assetid": null, "l_link_id": null, "l_system": null, "elr": null, "l_m_from": null, "l_m_to": null, "shape_len": null, "lm_start": null, "hm_end": null, "start": 23810.0616, "end": 29244.3408, "chain": 24148.459938461496 }, "geometry": { "type": "Point", "coordinates": [ 362377.150498978444375, 405293.237310795695521, 0.0 ] } },
{ "type": "Feature", "properties": { "cat": 19, "lcat": 805, "along": 359.014590890063, "objectid": null, "assetid": null, "l_link_id": null, "l_system": null, "elr": null, "l_m_from": null, "l_m_to": null, "shape_len": null, "lm_start": null, "hm_end": null, "start": 23810.0616, "end": 29244.3408, "chain": 24168.365723076877 }, "geometry": { "type": "Point", "coordinates": [ 362357.479892237810418, 405289.938761198718566, 0.0 ] } },
{ "type": "Feature", "properties": { "cat": 20, "lcat": 805, "along": 378.95984593951101, "objectid": null, "assetid": null, "l_link_id": null, "l_system": null, "elr": null, "l_m_from": null, "l_m_to": null, "shape_len": null, "lm_start": null, "hm_end": null, "start": 23810.0616, "end": 29244.3408, "chain": 24188.271507692258 }, "geometry": { "type": "Point", "coordinates": [ 362337.809285497234669, 405286.640211601741612, 0.0 ] } },
{ "type": "Feature", "properties": { "cat": 21, "lcat": 805, "along": 398.90510098895902, "objectid": null, "assetid": null, "l_link_id": null, "l_system": null, "elr": null, "l_m_from": null, "l_m_to": null, "shape_len": null, "lm_start": null, "hm_end": null, "start": 23810.0616, "end": 29244.3408, "chain": 24208.177292307642 }, "geometry": { "type": "Point", "coordinates": [ 362318.138678756600711, 405283.341662004764657, 0.0 ] } },
{ "type": "Feature", "properties": { "cat": 22, "lcat": 805, "along": 418.85035603840703, "objectid": null, "assetid": null, "l_link_id": null, "l_system": null, "elr": null, "l_m_from": null, "l_m_to": null, "shape_len": null, "lm_start": null, "hm_end": null, "start": 23810.0616, "end": 29244.3408, "chain": 24228.083076923023 }, "geometry": { "type": "Point", "coordinates": [ 362298.468072015966754, 405280.043112407787703, 0.0 ] } },
{ "type": "Feature", "properties": { "cat": 23, "lcat": 805, "along": 438.79561108785498, "objectid": null, "assetid": null, "l_link_id": null, "l_system": null, "elr": null, "l_m_from": null, "l_m_to": null, "shape_len": null, "lm_start": null, "hm_end": null, "start": 23810.0616, "end": 29244.3408, "chain": 24247.988861538404 }, "geometry": { "type": "Point", "coordinates": [ 362278.797465275391005, 405276.744562810810748, 0.0 ] } },
{ "type": "Feature", "properties": { "cat": 24, "lcat": 805, "along": 458.74086613730299, "objectid": null, "assetid": null, "l_link_id": null, "l_system": null, "elr": null, "l_m_from": null, "l_m_to": null, "shape_len": null, "lm_start": null, "hm_end": null, "start": 23810.0616, "end": 29244.3408, "chain": 24267.894646153789 }, "geometry": { "type": "Point", "coordinates": [ 362259.126858534757048, 405273.446013213833794, 0.0 ] } },
{ "type": "Feature", "properties": { "cat": 25, "lcat": 805, "along": 478.686121186751, "objectid": null, "assetid": null, "l_link_id": null, "l_system": null, "elr": null, "l_m_from": null, "l_m_to": null, "shape_len": null, "lm_start": null, "hm_end": null, "start": 23810.0616, "end": 29244.3408, "chain": 24287.80043076917 }, "geometry": { "type": "Point", "coordinates": [ 362239.341172877233475, 405270.936392093950417, 0.0 ] } },
{ "type": "Feature", "properties": { "cat": 26, "lcat": 805, "along": 498.631376236199, "objectid": null, "assetid": null, "l_link_id": null, "l_system": null, "elr": null, "l_m_from": null, "l_m_to": null, "shape_len": null, "lm_start": null, "hm_end": null, "start": 23810.0616, "end": 29244.3408, "chain": 24307.706215384551 }, "geometry": { "type": "Point", "coordinates": [ 362219.547947971441317, 405268.478456615121104, 0.0 ] } },
{ "type": "Feature", "properties": { "cat": 27, "lcat": 805, "along": 518.57663128564695, "objectid": null, "assetid": null, "l_link_id": null, "l_system": null, "elr": null, "l_m_from": null, "l_m_to": null, "shape_len": null, "lm_start": null, "hm_end": null, "start": 23810.0616, "end": 29244.3408, "chain": 24327.612 }, "geometry": { "type": "Point", "coordinates": [ 362199.754723065707367, 405266.020521136349998, 0.0 ] } },
{ "type": "Feature", "properties": { "cat": 28, "lcat": 805, "along": 538.52188633509502, "objectid": null, "assetid": null, "l_link_id": null, "l_system": null, "elr": null, "l_m_from": null, "l_m_to": null, "shape_len": null, "lm_start": null, "hm_end": null, "start": 23810.0616, "end": 29244.3408, "chain": 24347.517784615316 }, "geometry": { "type": "Point", "coordinates": [ 362179.961498159973416, 405263.562585657520685, 0.0 ] } },
{ "type": "Feature", "properties": { "cat": 29, "lcat": 805, "along": 558.46714138454297, "objectid": null, "assetid": null, "l_link_id": null, "l_system": null, "elr": null, "l_m_from": null, "l_m_to": null, "shape_len": null, "lm_start": null, "hm_end": null, "start": 23810.0616, "end": 29244.3408, "chain": 24367.423569230697 }, "geometry": { "type": "Point", "coordinates": [ 362160.168273254181258, 405261.104650178691372, 0.0 ] } },
{ "type": "Feature", "properties": { "cat": 30, "lcat": 805, "along": 578.41239643399103, "objectid": null, "assetid": null, "l_link_id": null, "l_system": null, "elr": null, "l_m_from": null, "l_m_to": null, "shape_len": null, "lm_start": null, "hm_end": null, "start": 23810.0616, "end": 29244.3408, "chain": 24387.329353846078 }, "geometry": { "type": "Point", "coordinates": [ 362140.375048348447308, 405258.646714699920267, 0.0 ] } },
{ "type": "Feature", "properties": { "cat": 31, "lcat": 805, "along": 598.35765148343899, "objectid": null, "assetid": null, "l_link_id": null, "l_system": null, "elr": null, "l_m_from": null, "l_m_to": null, "shape_len": null, "lm_start": null, "hm_end": null, "start": 23810.0616, "end": 29244.3408, "chain": 24407.235138461463 }, "geometry": { "type": "Point", "coordinates": [ 362120.581823442713358, 405256.188779221090954, 0.0 ] } },
{ "type": "Feature", "properties": { "cat": 32, "lcat": 805, "along": 618.30290653288705, "objectid": null, "assetid": null, "l_link_id": null, "l_system": null, "elr": null, "l_m_from": null, "l_m_to": null, "shape_len": null, "lm_start": null, "hm_end": null, "start": 23810.0616, "end": 29244.3408, "chain": 24427.140923076844 }, "geometry": { "type": "Point", "coordinates": [ 362100.788598536979407, 405253.730843742319848, 0.0 ] } },
{ "type": "Feature", "properties": { "cat": 33, "lcat": 805, "along": 638.248161582335, "objectid": null, "assetid": null, "l_link_id": null, "l_system": null, "elr": null, "l_m_from": null, "l_m_to": null, "shape_len": null, "lm_start": null, "hm_end": null, "start": 23810.0616, "end": 29244.3408, "chain": 24447.046707692225 }, "geometry": { "type": "Point", "coordinates": [ 362081.064013359951787, 405250.77262479806086, 0.0 ] } },
{ "type": "Feature", "properties": { "cat": 34, "lcat": 805, "along": 658.19341663178295, "objectid": null, "assetid": null, "l_link_id": null, "l_system": null, "elr": null, "l_m_from": null, "l_m_to": null, "shape_len": null, "lm_start": null, "hm_end": null, "start": 23810.0616, "end": 29244.3408, "chain": 24466.95249230761 }, "geometry": { "type": "Point", "coordinates": [ 362061.340203223982826, 405247.808756935177371, 0.0 ] } },
{ "type": "Feature", "properties": { "cat": 35, "lcat": 805, "along": 678.13867168123102, "objectid": null, "assetid": null, "l_link_id": null, "l_system": null, "elr": null, "l_m_from": null, "l_m_to": null, "shape_len": null, "lm_start": null, "hm_end": null, "start": 23810.0616, "end": 29244.3408, "chain": 24486.858276922991 }, "geometry": { "type": "Point", "coordinates": [ 362041.616393088013865, 405244.844889072235674, 0.0 ] } },
{ "type": "Feature", "properties": { "cat": 36, "lcat": 805, "along": 698.08392673067897, "objectid": null, "assetid": null, "l_link_id": null, "l_system": null, "elr": null, "l_m_from": null, "l_m_to": null, "shape_len": null, "lm_start": null, "hm_end": null, "start": 23810.0616, "end": 29244.3408, "chain": 24506.764061538372 }, "geometry": { "type": "Point", "coordinates": [ 362021.97920860175509, 405241.384774129837751, 0.0 ] } },
{ "type": "Feature", "properties": { "cat": 37, "lcat": 805, "along": 718.02918178012601, "objectid": null, "assetid": null, "l_link_id": null, "l_system": null, "elr": null, "l_m_from": null, "l_m_to": null, "shape_len": null, "lm_start": null, "hm_end": null, "start": 23810.0616, "end": 29244.3408, "chain": 24526.669846153753 }, "geometry": { "type": "Point", "coordinates": [ 362002.417734342219774, 405237.49094262579456, 0.0 ] } },
{ "type": "Feature", "properties": { "cat": 38, "lcat": 805, "along": 737.97443682957396, "objectid": null, "assetid": null, "l_link_id": null, "l_system": null, "elr": null, "l_m_from": null, "l_m_to": null, "shape_len": null, "lm_start": null, "hm_end": null, "start": 23810.0616, "end": 29244.3408, "chain": 24546.575630769137 }, "geometry": { "type": "Point", "coordinates": [ 361982.856260082742665, 405233.59711112169316, 0.0 ] } },
{ "type": "Feature", "properties": { "cat": 39, "lcat": 805, "along": 757.91969187902203, "objectid": null, "assetid": null, "l_link_id": null, "l_system": null, "elr": null, "l_m_from": null, "l_m_to": null, "shape_len": null, "lm_start": null, "hm_end": null, "start": 23810.0616, "end": 29244.3408, "chain": 24566.481415384518 }, "geometry": { "type": "Point", "coordinates": [ 361963.294785823207349, 405229.703279617649969, 0.0 ] } },
{ "type": "Feature", "properties": { "cat": 40, "lcat": 805, "along": 777.86494692846998, "objectid": null, "assetid": null, "l_link_id": null, "l_system": null, "elr": null, "l_m_from": null, "l_m_to": null, "shape_len": null, "lm_start": null, "hm_end": null, "start": 23810.0616, "end": 29244.3408, "chain": 24586.387199999899 }, "geometry": { "type": "Point", "coordinates": [ 361943.73331156373024, 405225.809448113606777, 0.0 ] } },
{ "type": "Feature", "properties": { "cat": 41, "lcat": 805, "along": 797.81020197791804, "objectid": null, "assetid": null, "l_link_id": null, "l_system": null, "elr": null, "l_m_from": null, "l_m_to": null, "shape_len": null, "lm_start": null, "hm_end": null, "start": 23810.0616, "end": 29244.3408, "chain": 24606.292984615284 }, "geometry": { "type": "Point", "coordinates": [ 361924.18280173628591, 405221.862631977186538, 0.0 ] } },
{ "type": "Feature", "properties": { "cat": 42, "lcat": 805, "along": 817.75545702736599, "objectid": null, "assetid": null, "l_link_id": null, "l_system": null, "elr": null, "l_m_from": null, "l_m_to": null, "shape_len": null, "lm_start": null, "hm_end": null, "start": 23810.0616, "end": 29244.3408, "chain": 24626.198769230665 }, "geometry": { "type": "Point", "coordinates": [ 361904.682503386284225, 405217.673173390619922, 0.0 ] } },
{ "type": "Feature", "properties": { "cat": 43, "lcat": 805, "along": 837.70071207681406, "objectid": null, "assetid": null, "l_link_id": null, "l_system": null, "elr": null, "l_m_from": null, "l_m_to": null, "shape_len": null, "lm_start": null, "hm_end": null, "start": 23810.0616, "end": 29244.3408, "chain": 24646.104553846046 }, "geometry": { "type": "Point", "coordinates": [ 361885.182205036282539, 405213.483714804111514, 0.0 ] } },
{ "type": "Feature", "properties": { "cat": 44, "lcat": 805, "along": 857.64596712626201, "objectid": null, "assetid": null, "l_link_id": null, "l_system": null, "elr": null, "l_m_from": null, "l_m_to": null, "shape_len": null, "lm_start": null, "hm_end": null, "start": 23810.0616, "end": 29244.3408, "chain": 24666.010338461427 }, "geometry": { "type": "Point", "coordinates": [ 361865.681906686280854, 405209.294256217544898, 0.0 ] } },
{ "type": "Feature", "properties": { "cat": 45, "lcat": 805, "along": 877.59122217570996, "objectid": null, "assetid": null, "l_link_id": null, "l_system": null, "elr": null, "l_m_from": null, "l_m_to": null, "shape_len": null, "lm_start": null, "hm_end": null, "start": 23810.0616, "end": 29244.3408, "chain": 24685.916123076811 }, "geometry": { "type": "Point", "coordinates": [ 361846.181608336279169, 405205.10479763103649, 0.0 ] } },
{ "type": "Feature", "properties": { "cat": 46, "lcat": 805, "along": 897.53647722515802, "objectid": null, "assetid": null, "l_link_id": null, "l_system": null, "elr": null, "l_m_from": null, "l_m_to": null, "shape_len": null, "lm_start": null, "hm_end": null, "start": 23810.0616, "end": 29244.3408, "chain": 24705.821907692192 }, "geometry": { "type": "Point", "coordinates": [ 361826.681309986277483, 405200.915339044528082, 0.0 ] } },
{ "type": "Feature", "properties": { "cat": 47, "lcat": 805, "along": 917.48173227460597, "objectid": null, "assetid": null, "l_link_id": null, "l_system": null, "elr": null, "l_m_from": null, "l_m_to": null, "shape_len": null, "lm_start": null, "hm_end": null, "start": 23810.0616, "end": 29244.3408, "chain": 24725.727692307573 }, "geometry": { "type": "Point", "coordinates": [ 361807.181011636275798, 405196.725880457961466, 0.0 ] } },
{ "type": "Feature", "properties": { "cat": 48, "lcat": 805, "along": 937.42698732405404, "objectid": null, "assetid": null, "l_link_id": null, "l_system": null, "elr": null, "l_m_from": null, "l_m_to": null, "shape_len": null, "lm_start": null, "hm_end": null, "start": 23810.0616, "end": 29244.3408, "chain": 24745.633476922958 }, "geometry": { "type": "Point", "coordinates": [ 361787.680713286274113, 405192.536421871453058, 0.0 ] } },
{ "type": "Feature", "properties": { "cat": 49, "lcat": 805, "along": 957.37224237350199, "objectid": null, "assetid": null, "l_link_id": null, "l_system": null, "elr": null, "l_m_from": null, "l_m_to": null, "shape_len": null, "lm_start": null, "hm_end": null, "start": 23810.0616, "end": 29244.3408, "chain": 24765.539261538339 }, "geometry": { "type": "Point", "coordinates": [ 361768.180414936272427, 405188.346963284886442, 0.0 ] } },
{ "type": "Feature", "properties": { "cat": 50, "lcat": 805, "along": 977.31749742295005, "objectid": null, "assetid": null, "l_link_id": null, "l_system": null, "elr": null, "l_m_from": null, "l_m_to": null, "shape_len": null, "lm_start": null, "hm_end": null, "start": 23810.0616, "end": 29244.3408, "chain": 24785.44504615372 }, "geometry": { "type": "Point", "coordinates": [ 361748.680116586270742, 405184.157504698378034, 0.0 ] } },
{ "type": "Feature", "properties": { "cat": 51, "lcat": 805, "along": 997.26275247239801, "objectid": null, "assetid": null, "l_link_id": null, "l_system": null, "elr": null, "l_m_from": null, "l_m_to": null, "shape_len": null, "lm_start": null, "hm_end": null, "start": 23810.0616, "end": 29244.3408, "chain": 24805.350830769101 }, "geometry": { "type": "Point", "coordinates": [ 361729.179818236269057, 405179.968046111869626, 0.0 ] } },
{ "type": "Feature", "properties": { "cat": 52, "lcat": 805, "along": 1017.20800752185, "objectid": null, "assetid": null, "l_link_id": null, "l_system": null, "elr": null, "l_m_from": null, "l_m_to": null, "shape_len": null, "lm_start": null, "hm_end": null, "start": 23810.0616, "end": 29244.3408, "chain": 24825.256615384489 }, "geometry": { "type": "Point", "coordinates": [ 361709.679519886209164, 405175.77858752530301, 0.0 ] } },
{ "type": "Feature", "properties": { "cat": 53, "lcat": 805, "along": 1037.15326257129, "objectid": null, "assetid": null, "l_link_id": null, "l_system": null, "elr": null, "l_m_from": null, "l_m_to": null, "shape_len": null, "lm_start": null, "hm_end": null, "start": 23810.0616, "end": 29244.3408, "chain": 24845.162399999863 }, "geometry": { "type": "Point", "coordinates": [ 361690.179221536207478, 405171.589128938794602, 0.0 ] } },
{ "type": "Feature", "properties": { "cat": 54, "lcat": 805, "along": 1057.09851762074, "objectid": null, "assetid": null, "l_link_id": null, "l_system": null, "elr": null, "l_m_from": null, "l_m_to": null, "shape_len": null, "lm_start": null, "hm_end": null, "start": 23810.0616, "end": 29244.3408, "chain": 24865.068184615247 }, "geometry": { "type": "Point", "coordinates": [ 361670.678923186205793, 405167.399670352227986, 0.0 ] } },
{ "type": "Feature", "properties": { "cat": 55, "lcat": 805, "along": 1077.04377267019, "objectid": null, "assetid": null, "l_link_id": null, "l_system": null, "elr": null, "l_m_from": null, "l_m_to": null, "shape_len": null, "lm_start": null, "hm_end": null, "start": 23810.0616, "end": 29244.3408, "chain": 24884.973969230632 }, "geometry": { "type": "Point", "coordinates": [ 361651.178624836204108, 405163.210211765719578, 0.0 ] } },
{ "type": "Feature", "properties": { "cat": 56, "lcat": 805, "along": 1096.98902771964, "objectid": null, "assetid": null, "l_link_id": null, "l_system": null, "elr": null, "l_m_from": null, "l_m_to": null, "shape_len": null, "lm_start": null, "hm_end": null, "start": 23810.0616, "end": 29244.3408, "chain": 24904.879753846017 }, "geometry": { "type": "Point", "coordinates": [ 361631.678326486202423, 405159.020753179211169, 0.0 ] } },
{ "type": "Feature", "properties": { "cat": 57, "lcat": 805, "along": 1116.93428276909, "objectid": null, "assetid": null, "l_link_id": null, "l_system": null, "elr": null, "l_m_from": null, "l_m_to": null, "shape_len": null, "lm_start": null, "hm_end": null, "start": 23810.0616, "end": 29244.3408, "chain": 24924.785538461398 }, "geometry": { "type": "Point", "coordinates": [ 361612.178028136200737, 405154.831294592644554, 0.0 ] } },
{ "type": "Feature", "properties": { "cat": 58, "lcat": 805, "along": 1136.87953781853, "objectid": null, "assetid": null, "l_link_id": null, "l_system": null, "elr": null, "l_m_from": null, "l_m_to": null, "shape_len": null, "lm_start": null, "hm_end": null, "start": 23810.0616, "end": 29244.3408, "chain": 24944.691323076775 }, "geometry": { "type": "Point", "coordinates": [ 361592.677729786199052, 405150.641836006136145, 0.0 ] } },
{ "type": "Feature", "properties": { "cat": 59, "lcat": 805, "along": 1156.82479286798, "objectid": null, "assetid": null, "l_link_id": null, "l_system": null, "elr": null, "l_m_from": null, "l_m_to": null, "shape_len": null, "lm_start": null, "hm_end": null, "start": 23810.0616, "end": 29244.3408, "chain": 24964.597107692156 }, "geometry": { "type": "Point", "coordinates": [ 361573.263100728450809, 405146.08726010879036, 0.0 ] } },
{ "type": "Feature", "properties": { "cat": 60, "lcat": 805, "along": 1176.77004791743, "objectid": null, "assetid": null, "l_link_id": null, "l_system": null, "elr": null, "l_m_from": null, "l_m_to": null, "shape_len": null, "lm_start": null, "hm_end": null, "start": 23810.0616, "end": 29244.3408, "chain": 24984.502892307541 }, "geometry": { "type": "Point", "coordinates": [ 361553.93448574381182, 405141.16609746532049, 0.0 ] } },
{ "type": "Feature", "properties": { "cat": 61, "lcat": 805, "along": 1196.71530296688, "objectid": null, "assetid": null, "l_link_id": null, "l_system": null, "elr": null, "l_m_from": null, "l_m_to": null, "shape_len": null, "lm_start": null, "hm_end": null, "start": 23810.0616, "end": 29244.3408, "chain": 25004.408676922925 }, "geometry": { "type": "Point", "coordinates": [ 361534.605870759172831, 405136.244934821908828, 0.0 ] } },
{ "type": "Feature", "properties": { "cat": 62, "lcat": 805, "along": 1216.66055801633, "objectid": null, "assetid": null, "l_link_id": null, "l_system": null, "elr": null, "l_m_from": null, "l_m_to": null, "shape_len": null, "lm_start": null, "hm_end": null, "start": 23810.0616, "end": 29244.3408, "chain": 25024.31446153831 }, "geometry": { "type": "Point", "coordinates": [ 361515.277255774533842, 405131.323772178438958, 0.0 ] } },
{ "type": "Feature", "properties": { "cat": 63, "lcat": 805, "along": 1236.60581306577, "objectid": null, "assetid": null, "l_link_id": null, "l_system": null, "elr": null, "l_m_from": null, "l_m_to": null, "shape_len": null, "lm_start": null, "hm_end": null, "start": 23810.0616, "end": 29244.3408, "chain": 25044.220246153684 }, "geometry": { "type": "Point", "coordinates": [ 361495.948640789894853, 405126.402609535027295, 0.0 ] } },
{ "type": "Feature", "properties": { "cat": 64, "lcat": 805, "along": 1256.55106811522, "objectid": null, "assetid": null, "l_link_id": null, "l_system": null, "elr": null, "l_m_from": null, "l_m_to": null, "shape_len": null, "lm_start": null, "hm_end": null, "start": 23810.0616, "end": 29244.3408, "chain": 25064.126030769068 }, "geometry": { "type": "Point", "coordinates": [ 361476.620025805255864, 405121.481446891615633, 0.0 ] } },
{ "type": "Feature", "properties": { "cat": 65, "lcat": 805, "along": 1276.49632316467, "objectid": null, "assetid": null, "l_link_id": null, "l_system": null, "elr": null, "l_m_from": null, "l_m_to": null, "shape_len": null, "lm_start": null, "hm_end": null, "start": 23810.0616, "end": 29244.3408, "chain": 25084.031815384453 }, "geometry": { "type": "Point", "coordinates": [ 361457.291410820616875, 405116.560284248145763, 0.0 ] } },
{ "type": "Feature", "properties": { "cat": 66, "lcat": 805, "along": 1296.44157821412, "objectid": null, "assetid": null, "l_link_id": null, "l_system": null, "elr": null, "l_m_from": null, "l_m_to": null, "shape_len": null, "lm_start": null, "hm_end": null, "start": 23810.0616, "end": 29244.3408, "chain": 25103.937599999837 }, "geometry": { "type": "Point", "coordinates": [ 361438.162131388846319, 405110.931410652643535, 0.0 ] } },
{ "type": "Feature", "properties": { "cat": 67, "lcat": 805, "along": 1316.38683326357, "objectid": null, "assetid": null, "l_link_id": null, "l_system": null, "elr": null, "l_m_from": null, "l_m_to": null, "shape_len": null, "lm_start": null, "hm_end": null, "start": 23810.0616, "end": 29244.3408, "chain": 25123.843384615218 }, "geometry": { "type": "Point", "coordinates": [ 361419.106470179744065, 405105.041166610899381, 0.0 ] } },
{ "type": "Feature", "properties": { "cat": 68, "lcat": 805, "along": 1336.33208831301, "objectid": null, "assetid": null, "l_link_id": null, "l_system": null, "elr": null, "l_m_from": null, "l_m_to": null, "shape_len": null, "lm_start": null, "hm_end": null, "start": 23810.0616, "end": 29244.3408, "chain": 25143.749169230592 }, "geometry": { "type": "Point", "coordinates": [ 361400.05080897064181, 405099.150922569213435, 0.0 ] } },
{ "type": "Feature", "properties": { "cat": 69, "lcat": 805, "along": 1356.27734336246, "objectid": null, "assetid": null, "l_link_id": null, "l_system": null, "elr": null, "l_m_from": null, "l_m_to": null, "shape_len": null, "lm_start": null, "hm_end": null, "start": 23810.0616, "end": 29244.3408, "chain": 25163.654953845977 }, "geometry": { "type": "Point", "coordinates": [ 361380.995147761539556, 405093.260678527469281, 0.0 ] } },
{ "type": "Feature", "properties": { "cat": 70, "lcat": 805, "along": 1376.22259841191, "objectid": null, "assetid": null, "l_link_id": null, "l_system": null, "elr": null, "l_m_from": null, "l_m_to": null, "shape_len": null, "lm_start": null, "hm_end": null, "start": 23810.0616, "end": 29244.3408, "chain": 25183.560738461361 }, "geometry": { "type": "Point", "coordinates": [ 361361.939486552437302, 405087.370434485725127, 0.0 ] } },
{ "type": "Feature", "properties": { "cat": 71, "lcat": 805, "along": 1396.16785346136, "objectid": null, "assetid": null, "l_link_id": null, "l_system": null, "elr": null, "l_m_from": null, "l_m_to": null, "shape_len": null, "lm_start": null, "hm_end": null, "start": 23810.0616, "end": 29244.3408, "chain": 25203.466523076746 }, "geometry": { "type": "Point", "coordinates": [ 361342.883825343335047, 405081.480190444039181, 0.0 ] } },
{ "type": "Feature", "properties": { "cat": 72, "lcat": 805, "along": 1416.1131085108, "objectid": null, "assetid": null, "l_link_id": null, "l_system": null, "elr": null, "l_m_from": null, "l_m_to": null, "shape_len": null, "lm_start": null, "hm_end": null, "start": 23810.0616, "end": 29244.3408, "chain": 25223.37230769212 }, "geometry": { "type": "Point", "coordinates": [ 361324.054399940301664, 405074.919254358741455, 0.0 ] } },
{ "type": "Feature", "properties": { "cat": 73, "lcat": 805, "along": 1436.05836356025, "objectid": null, "assetid": null, "l_link_id": null, "l_system": null, "elr": null, "l_m_from": null, "l_m_to": null, "shape_len": null, "lm_start": null, "hm_end": null, "start": 23810.0616, "end": 29244.3408, "chain": 25243.278092307504 }, "geometry": { "type": "Point", "coordinates": [ 361305.324342664389405, 405068.063734434719663, 0.0 ] } },
{ "type": "Feature", "properties": { "cat": 74, "lcat": 805, "along": 1456.0036186097, "objectid": null, "assetid": null, "l_link_id": null, "l_system": null, "elr": null, "l_m_from": null, "l_m_to": null, "shape_len": null, "lm_start": null, "hm_end": null, "start": 23810.0616, "end": 29244.3408, "chain": 25263.183876922889 }, "geometry": { "type": "Point", "coordinates": [ 361286.594285388477147, 405061.208214510697871, 0.0 ] } },
{ "type": "Feature", "properties": { "cat": 75, "lcat": 805, "along": 1475.94887365915, "objectid": null, "assetid": null, "l_link_id": null, "l_system": null, "elr": null, "l_m_from": null, "l_m_to": null, "shape_len": null, "lm_start": null, "hm_end": null, "start": 23810.0616, "end": 29244.3408, "chain": 25283.089661538274 }, "geometry": { "type": "Point", "coordinates": [ 361267.864228112564888, 405054.35269458667608, 0.0 ] } },
{ "type": "Feature", "properties": { "cat": 76, "lcat": 805, "along": 1495.8941287086, "objectid": null, "assetid": null, "l_link_id": null, "l_system": null, "elr": null, "l_m_from": null, "l_m_to": null, "shape_len": null, "lm_start": null, "hm_end": null, "start": 23810.0616, "end": 29244.3408, "chain": 25302.995446153658 }, "geometry": { "type": "Point", "coordinates": [ 361249.134170836652629, 405047.497174662654288, 0.0 ] } },
{ "type": "Feature", "properties": { "cat": 77, "lcat": 805, "along": 1515.83938375804, "objectid": null, "assetid": null, "l_link_id": null, "l_system": null, "elr": null, "l_m_from": null, "l_m_to": null, "shape_len": null, "lm_start": null, "hm_end": null, "start": 23810.0616, "end": 29244.3408, "chain": 25322.901230769032 }, "geometry": { "type": "Point", "coordinates": [ 361230.40411356074037, 405040.641654738632496, 0.0 ] } },
{ "type": "Feature", "properties": { "cat": 78, "lcat": 805, "along": 1535.78463880749, "objectid": null, "assetid": null, "l_link_id": null, "l_system": null, "elr": null, "l_m_from": null, "l_m_to": null, "shape_len": null, "lm_start": null, "hm_end": null, "start": 23810.0616, "end": 29244.3408, "chain": 25342.807015384416 }, "geometry": { "type": "Point", "coordinates": [ 361211.674056284828112, 405033.786134814610705, 0.0 ] } },
{ "type": "Feature", "properties": { "cat": 79, "lcat": 805, "along": 1555.72989385694, "objectid": null, "assetid": null, "l_link_id": null, "l_system": null, "elr": null, "l_m_from": null, "l_m_to": null, "shape_len": null, "lm_start": null, "hm_end": null, "start": 23810.0616, "end": 29244.3408, "chain": 25362.712799999797 }, "geometry": { "type": "Point", "coordinates": [ 361193.215158092323691, 405026.251497519609984, 0.0 ] } },
{ "type": "Feature", "properties": { "cat": 80, "lcat": 805, "along": 1575.6751489063899, "objectid": null, "assetid": null, "l_link_id": null, "l_system": null, "elr": null, "l_m_from": null, "l_m_to": null, "shape_len": null, "lm_start": null, "hm_end": null, "start": 23810.0616, "end": 29244.3408, "chain": 25382.618584615182 }, "geometry": { "type": "Point", "coordinates": [ 361174.914229579560924, 405018.321225484018214, 0.0 ] } },
{ "type": "Feature", "properties": { "cat": 81, "lcat": 805, "along": 1595.6204039558399, "objectid": null, "assetid": null, "l_link_id": null, "l_system": null, "elr": null, "l_m_from": null, "l_m_to": null, "shape_len": null, "lm_start": null, "hm_end": null, "start": 23810.0616, "end": 29244.3408, "chain": 25402.524369230567 }, "geometry": { "type": "Point", "coordinates": [ 361156.613301066856366, 405010.390953448368236, 0.0 ] } },
{ "type": "Feature", "properties": { "cat": 82, "lcat": 805, "along": 1615.5656590052799, "objectid": null, "assetid": null, "l_link_id": null, "l_system": null, "elr": null, "l_m_from": null, "l_m_to": null, "shape_len": null, "lm_start": null, "hm_end": null, "start": 23810.0616, "end": 29244.3408, "chain": 25422.43015384594 }, "geometry": { "type": "Point", "coordinates": [ 361138.312372554093599, 405002.460681412776466, 0.0 ] } },
{ "type": "Feature", "properties": { "cat": 83, "lcat": 805, "along": 1635.5109140547299, "objectid": null, "assetid": null, "l_link_id": null, "l_system": null, "elr": null, "l_m_from": null, "l_m_to": null, "shape_len": null, "lm_start": null, "hm_end": null, "start": 23810.0616, "end": 29244.3408, "chain": 25442.335938461325 }, "geometry": { "type": "Point", "coordinates": [ 361120.011444041330833, 404994.530409377184696, 0.0 ] } },
{ "type": "Feature", "properties": { "cat": 84, "lcat": 805, "along": 1655.4561691041799, "objectid": null, "assetid": null, "l_link_id": null, "l_system": null, "elr": null, "l_m_from": null, "l_m_to": null, "shape_len": null, "lm_start": null, "hm_end": null, "start": 23810.0616, "end": 29244.3408, "chain": 25462.24172307671 }, "geometry": { "type": "Point", "coordinates": [ 361101.852881756960414, 404986.301044970052317, 0.0 ] } },
{ "type": "Feature", "properties": { "cat": 85, "lcat": 805, "along": 1675.4014241536299, "objectid": null, "assetid": null, "l_link_id": null, "l_system": null, "elr": null, "l_m_from": null, "l_m_to": null, "shape_len": null, "lm_start": null, "hm_end": null, "start": 23810.0616, "end": 29244.3408, "chain": 25482.147507692094 }, "geometry": { "type": "Point", "coordinates": [ 361084.158011299441569, 404977.097526160476264, 0.0 ] } },
{ "type": "Feature", "properties": { "cat": 86, "lcat": 805, "along": 1695.3466792030799, "objectid": null, "assetid": null, "l_link_id": null, "l_system": null, "elr": null, "l_m_from": null, "l_m_to": null, "shape_len": null, "lm_start": null, "hm_end": null, "start": 23810.0616, "end": 29244.3408, "chain": 25502.053292307479 }, "geometry": { "type": "Point", "coordinates": [ 361066.463140841864515, 404967.894007350842003, 0.0 ] } },
{ "type": "Feature", "properties": { "cat": 87, "lcat": 805, "along": 1715.2919342525199, "objectid": null, "assetid": null, "l_link_id": null, "l_system": null, "elr": null, "l_m_from": null, "l_m_to": null, "shape_len": null, "lm_start": null, "hm_end": null, "start": 23810.0616, "end": 29244.3408, "chain": 25521.959076922853 }, "geometry": { "type": "Point", "coordinates": [ 361048.768270384345669, 404958.69048854126595, 0.0 ] } },
{ "type": "Feature", "properties": { "cat": 88, "lcat": 805, "along": 1735.2371893019699, "objectid": null, "assetid": null, "l_link_id": null, "l_system": null, "elr": null, "l_m_from": null, "l_m_to": null, "shape_len": null, "lm_start": null, "hm_end": null, "start": 23810.0616, "end": 29244.3408, "chain": 25541.864861538234 }, "geometry": { "type": "Point", "coordinates": [ 361031.073399926826824, 404949.486969731631689, 0.0 ] } },
{ "type": "Feature", "properties": { "cat": 89, "lcat": 805, "along": 1755.1824443514199, "objectid": null, "assetid": null, "l_link_id": null, "l_system": null, "elr": null, "l_m_from": null, "l_m_to": null, "shape_len": null, "lm_start": null, "hm_end": null, "start": 23810.0616, "end": 29244.3408, "chain": 25561.770646153618 }, "geometry": { "type": "Point", "coordinates": [ 361013.378529469307978, 404940.283450922055636, 0.0 ] } },
{ "type": "Feature", "properties": { "cat": 90, "lcat": 805, "along": 1775.1276994008699, "objectid": null, "assetid": null, "l_link_id": null, "l_system": null, "elr": null, "l_m_from": null, "l_m_to": null, "shape_len": null, "lm_start": null, "hm_end": null, "start": 23810.0616, "end": 29244.3408, "chain": 25581.676430769003 }, "geometry": { "type": "Point", "coordinates": [ 360995.683659011789132, 404931.079932112479582, 0.0 ] } },
{ "type": "Feature", "properties": { "cat": 91, "lcat": 805, "along": 1795.0729544503199, "objectid": null, "assetid": null, "l_link_id": null, "l_system": null, "elr": null, "l_m_from": null, "l_m_to": null, "shape_len": null, "lm_start": null, "hm_end": null, "start": 23810.0616, "end": 29244.3408, "chain": 25601.582215384387 }, "geometry": { "type": "Point", "coordinates": [ 360977.988788554212078, 404921.876413302845322, 0.0 ] } },
{ "type": "Feature", "properties": { "cat": 92, "lcat": 805, "along": 1815.0182094997599, "objectid": null, "assetid": null, "l_link_id": null, "l_system": null, "elr": null, "l_m_from": null, "l_m_to": null, "shape_len": null, "lm_start": null, "hm_end": null, "start": 23810.0616, "end": 29244.3408, "chain": 25621.488 }, "geometry": { "type": "Point", "coordinates": [ 360960.307942924730014, 404912.646899237355683, 0.0 ] } },
{ "type": "Feature", "properties": { "cat": 93, "lcat": 805, "along": 1834.9634645492099, "objectid": null, "assetid": null, "l_link_id": null, "l_system": null, "elr": null, "l_m_from": null, "l_m_to": null, "shape_len": null, "lm_start": null, "hm_end": null, "start": 23810.0616, "end": 29244.3408, "chain": 25641.393784615146 }, "geometry": { "type": "Point", "coordinates": [ 360942.899844716652296, 404902.911843214649707, 0.0 ] } },
{ "type": "Feature", "properties": { "cat": 94, "lcat": 805, "along": 1854.9087195986599, "objectid": null, "assetid": null, "l_link_id": null, "l_system": null, "elr": null, "l_m_from": null, "l_m_to": null, "shape_len": null, "lm_start": null, "hm_end": null, "start": 23810.0616, "end": 29244.3408, "chain": 25661.29956923053 }, "geometry": { "type": "Point", "coordinates": [ 360925.491746508574579, 404893.176787191885523, 0.0 ] } },
{ "type": "Feature", "properties": { "cat": 95, "lcat": 805, "along": 1874.8539746481099, "objectid": null, "assetid": null, "l_link_id": null, "l_system": null, "elr": null, "l_m_from": null, "l_m_to": null, "shape_len": null, "lm_start": null, "hm_end": null, "start": 23810.0616, "end": 29244.3408, "chain": 25681.205353845915 }, "geometry": { "type": "Point", "coordinates": [ 360908.083648300555069, 404883.44173116912134, 0.0 ] } },
{ "type": "Feature", "properties": { "cat": 96, "lcat": 805, "along": 1894.7992296975599, "objectid": null, "assetid": null, "l_link_id": null, "l_system": null, "elr": null, "l_m_from": null, "l_m_to": null, "shape_len": null, "lm_start": null, "hm_end": null, "start": 23810.0616, "end": 29244.3408, "chain": 25701.1111384613 }, "geometry": { "type": "Point", "coordinates": [ 360890.675550092477351, 404873.706675146415364, 0.0 ] } },
{ "type": "Feature", "properties": { "cat": 97, "lcat": 805, "along": 1914.7444847469999, "objectid": null, "assetid": null, "l_link_id": null, "l_system": null, "elr": null, "l_m_from": null, "l_m_to": null, "shape_len": null, "lm_start": null, "hm_end": null, "start": 23810.0616, "end": 29244.3408, "chain": 25721.016923076673 }, "geometry": { "type": "Point", "coordinates": [ 360873.267451884399634, 404863.97161912365118, 0.0 ] } },
{ "type": "Feature", "properties": { "cat": 98, "lcat": 805, "along": 1934.6897397964501, "objectid": null, "assetid": null, "l_link_id": null, "l_system": null, "elr": null, "l_m_from": null, "l_m_to": null, "shape_len": null, "lm_start": null, "hm_end": null, "start": 23810.0616, "end": 29244.3408, "chain": 25740.922707692058 }, "geometry": { "type": "Point", "coordinates": [ 360855.859353676321916, 404854.236563100945204, 0.0 ] } },
{ "type": "Feature", "properties": { "cat": 99, "lcat": 805, "along": 1954.6349948459001, "objectid": null, "assetid": null, "l_link_id": null, "l_system": null, "elr": null, "l_m_from": null, "l_m_to": null, "shape_len": null, "lm_start": null, "hm_end": null, "start": 23810.0616, "end": 29244.3408, "chain": 25760.828492307439 }, "geometry": { "type": "Point", "coordinates": [ 360838.451255468302406, 404844.501507078181021, 0.0 ] } },
{ "type": "Feature", "properties": { "cat": 100, "lcat": 805, "along": 1974.5802498953501, "objectid": null, "assetid": null, "l_link_id": null, "l_system": null, "elr": null, "l_m_from": null, "l_m_to": null, "shape_len": null, "lm_start": null, "hm_end": null, "start": 23810.0616, "end": 29244.3408, "chain": 25780.734276922823 }, "geometry": { "type": "Point", "coordinates": [ 360821.043157260224689, 404834.766451055416837, 0.0 ] } },
{ "type": "Feature", "properties": { "cat": 101, "lcat": 805, "along": 1994.5255049448001, "objectid": null, "assetid": null, "l_link_id": null, "l_system": null, "elr": null, "l_m_from": null, "l_m_to": null, "shape_len": null, "lm_start": null, "hm_end": null, "start": 23810.0616, "end": 29244.3408, "chain": 25800.640061538208 }, "geometry": { "type": "Point", "coordinates": [ 360803.423391024931334, 404825.427392404235434, 0.0 ] } },
{ "type": "Feature", "properties": { "cat": 102, "lcat": 805, "along": 2014.4707599942401, "objectid": null, "assetid": null, "l_link_id": null, "l_system": null, "elr": null, "l_m_from": null, "l_m_to": null, "shape_len": null, "lm_start": null, "hm_end": null, "start": 23810.0616, "end": 29244.3408, "chain": 25820.545846153582 }, "geometry": { "type": "Point", "coordinates": [ 360785.657674224930815, 404816.361384155286942, 0.0 ] } },
{ "type": "Feature", "properties": { "cat": 103, "lcat": 805, "along": 2034.4160150436901, "objectid": null, "assetid": null, "l_link_id": null, "l_system": null, "elr": null, "l_m_from": null, "l_m_to": null, "shape_len": null, "lm_start": null, "hm_end": null, "start": 23810.0616, "end": 29244.3408, "chain": 25840.451630768966 }, "geometry": { "type": "Point", "coordinates": [ 360767.891957424930297, 404807.29537590633845, 0.0 ] } },
{ "type": "Feature", "properties": { "cat": 104, "lcat": 805, "along": 2054.3612700931399, "objectid": null, "assetid": null, "l_link_id": null, "l_system": null, "elr": null, "l_m_from": null, "l_m_to": null, "shape_len": null, "lm_start": null, "hm_end": null, "start": 23810.0616, "end": 29244.3408, "chain": 25860.357415384351 }, "geometry": { "type": "Point", "coordinates": [ 360749.778151006670669, 404798.9786104253144, 0.0 ] } },
{ "type": "Feature", "properties": { "cat": 105, "lcat": 805, "along": 2074.3065251425901, "objectid": null, "assetid": null, "l_link_id": null, "l_system": null, "elr": null, "l_m_from": null, "l_m_to": null, "shape_len": null, "lm_start": null, "hm_end": null, "start": 23810.0616, "end": 29244.3408, "chain": 25880.263199999736 }, "geometry": { "type": "Point", "coordinates": [ 360731.391685303649865, 404791.248728282691445, 0.0 ] } },
{ "type": "Feature", "properties": { "cat": 106, "lcat": 805, "along": 2094.2517801920399, "objectid": null, "assetid": null, "l_link_id": null, "l_system": null, "elr": null, "l_m_from": null, "l_m_to": null, "shape_len": null, "lm_start": null, "hm_end": null, "start": 23810.0616, "end": 29244.3408, "chain": 25900.16898461512 }, "geometry": { "type": "Point", "coordinates": [ 360713.005219600570854, 404783.51884614006849, 0.0 ] } },
{ "type": "Feature", "properties": { "cat": 107, "lcat": 805, "along": 2114.1970352414801, "objectid": null, "assetid": null, "l_link_id": null, "l_system": null, "elr": null, "l_m_from": null, "l_m_to": null, "shape_len": null, "lm_start": null, "hm_end": null, "start": 23810.0616, "end": 29244.3408, "chain": 25920.074769230494 }, "geometry": { "type": "Point", "coordinates": [ 360694.548008794605266, 404775.980253494577482, 0.0 ] } },
{ "type": "Feature", "properties": { "cat": 108, "lcat": 805, "along": 2134.1422902909299, "objectid": null, "assetid": null, "l_link_id": null, "l_system": null, "elr": null, "l_m_from": null, "l_m_to": null, "shape_len": null, "lm_start": null, "hm_end": null, "start": 23810.0616, "end": 29244.3408, "chain": 25939.980553845875 }, "geometry": { "type": "Point", "coordinates": [ 360675.556442369474098, 404769.886518703133333, 0.0 ] } },
{ "type": "Feature", "properties": { "cat": 109, "lcat": 805, "along": 2154.0875453403801, "objectid": null, "assetid": null, "l_link_id": null, "l_system": null, "elr": null, "l_m_from": null, "l_m_to": null, "shape_len": null, "lm_start": null, "hm_end": null, "start": 23810.0616, "end": 29244.3408, "chain": 25959.88633846126 }, "geometry": { "type": "Point", "coordinates": [ 360656.564875944401138, 404763.792783911689185, 0.0 ] } },
{ "type": "Feature", "properties": { "cat": 110, "lcat": 805, "along": 2174.0328003898298, "objectid": null, "assetid": null, "l_link_id": null, "l_system": null, "elr": null, "l_m_from": null, "l_m_to": null, "shape_len": null, "lm_start": null, "hm_end": null, "start": 23810.0616, "end": 29244.3408, "chain": 25979.792123076644 }, "geometry": { "type": "Point", "coordinates": [ 360637.573309519269969, 404757.699049120303243, 0.0 ] } },
{ "type": "Feature", "properties": { "cat": 111, "lcat": 805, "along": 2193.9780554392801, "objectid": null, "assetid": null, "l_link_id": null, "l_system": null, "elr": null, "l_m_from": null, "l_m_to": null, "shape_len": null, "lm_start": null, "hm_end": null, "start": 23810.0616, "end": 29244.3408, "chain": 25999.697907692029 }, "geometry": { "type": "Point", "coordinates": [ 360618.527340714121237, 404751.800626023963559, 0.0 ] } },
{ "type": "Feature", "properties": { "cat": 112, "lcat": 805, "along": 2213.9233104887198, "objectid": null, "assetid": null, "l_link_id": null, "l_system": null, "elr": null, "l_m_from": null, "l_m_to": null, "shape_len": null, "lm_start": null, "hm_end": null, "start": 23810.0616, "end": 29244.3408, "chain": 26019.603692307403 }, "geometry": { "type": "Point", "coordinates": [ 360599.120232010260224, 404747.198742633045185, 0.0 ] } },
{ "type": "Feature", "properties": { "cat": 113, "lcat": 805, "along": 2233.8685655381701, "objectid": null, "assetid": null, "l_link_id": null, "l_system": null, "elr": null, "l_m_from": null, "l_m_to": null, "shape_len": null, "lm_start": null, "hm_end": null, "start": 23810.0616, "end": 29244.3408, "chain": 26039.509476922787 }, "geometry": { "type": "Point", "coordinates": [ 360579.713123306399211, 404742.596859242068604, 0.0 ] } },
{ "type": "Feature", "properties": { "cat": 114, "lcat": 805, "along": 2253.8138205876198, "objectid": null, "assetid": null, "l_link_id": null, "l_system": null, "elr": null, "l_m_from": null, "l_m_to": null, "shape_len": null, "lm_start": null, "hm_end": null, "start": 23810.0616, "end": 29244.3408, "chain": 26059.415261538172 }, "geometry": { "type": "Point", "coordinates": [ 360560.15356604749104, 404738.716804873372894, 0.0 ] } },
{ "type": "Feature", "properties": { "cat": 115, "lcat": 805, "along": 2273.7590756370701, "objectid": null, "assetid": null, "l_link_id": null, "l_system": null, "elr": null, "l_m_from": null, "l_m_to": null, "shape_len": null, "lm_start": null, "hm_end": null, "start": 23810.0616, "end": 29244.3408, "chain": 26079.321046153556 }, "geometry": { "type": "Point", "coordinates": [ 360540.543004655221011, 404735.078250096121337, 0.0 ] } },
{ "type": "Feature", "properties": { "cat": 116, "lcat": 805, "along": 2293.7043306865198, "objectid": null, "assetid": null, "l_link_id": null, "l_system": null, "elr": null, "l_m_from": null, "l_m_to": null, "shape_len": null, "lm_start": null, "hm_end": null, "start": 23810.0616, "end": 29244.3408, "chain": 26099.226830768937 }, "geometry": { "type": "Point", "coordinates": [ 360520.827293835638557, 404732.125301420514006, 0.0 ] } },
{ "type": "Feature", "properties": { "cat": 117, "lcat": 805, "along": 2313.64958573596, "objectid": null, "assetid": null, "l_link_id": null, "l_system": null, "elr": null, "l_m_from": null, "l_m_to": null, "shape_len": null, "lm_start": null, "hm_end": null, "start": 23810.0616, "end": 29244.3408, "chain": 26119.132615384315 }, "geometry": { "type": "Point", "coordinates": [ 360501.027649184397887, 404729.719626739039086, 0.0 ] } },
{ "type": "Feature", "properties": { "cat": 118, "lcat": 805, "along": 2333.5948407854098, "objectid": null, "assetid": null, "l_link_id": null, "l_system": null, "elr": null, "l_m_from": null, "l_m_to": null, "shape_len": null, "lm_start": null, "hm_end": null, "start": 23810.0616, "end": 29244.3408, "chain": 26139.038399999699 }, "geometry": { "type": "Point", "coordinates": [ 360481.228004533157218, 404727.313952057622373, 0.0 ] } },
{ "type": "Feature", "properties": { "cat": 119, "lcat": 805, "along": 2353.54009583486, "objectid": null, "assetid": null, "l_link_id": null, "l_system": null, "elr": null, "l_m_from": null, "l_m_to": null, "shape_len": null, "lm_start": null, "hm_end": null, "start": 23810.0616, "end": 29244.3408, "chain": 26158.94418461508 }, "geometry": { "type": "Point", "coordinates": [ 360461.377163090044633, 404725.673368645540904, 0.0 ] } },
{ "type": "Feature", "properties": { "cat": 120, "lcat": 805, "along": 2373.4853508843098, "objectid": null, "assetid": null, "l_link_id": null, "l_system": null, "elr": null, "l_m_from": null, "l_m_to": null, "shape_len": null, "lm_start": null, "hm_end": null, "start": 23810.0616, "end": 29244.3408, "chain": 26178.849969230465 }, "geometry": { "type": "Point", "coordinates": [ 360441.433522684674244, 404725.419584544317331, 0.0 ] } },
{ "type": "Feature", "properties": { "cat": 121, "lcat": 805, "along": 2393.43060593376, "objectid": null, "assetid": null, "l_link_id": null, "l_system": null, "elr": null, "l_m_from": null, "l_m_to": null, "shape_len": null, "lm_start": null, "hm_end": null, "start": 23810.0616, "end": 29244.3408, "chain": 26198.75575384585 }, "geometry": { "type": "Point", "coordinates": [ 360421.489882279362064, 404725.165800443093758, 0.0 ] } },
{ "type": "Feature", "properties": { "cat": 122, "lcat": 805, "along": 2413.3758609831998, "objectid": null, "assetid": null, "l_link_id": null, "l_system": null, "elr": null, "l_m_from": null, "l_m_to": null, "shape_len": null, "lm_start": null, "hm_end": null, "start": 23810.0616, "end": 29244.3408, "chain": 26218.661538461223 }, "geometry": { "type": "Point", "coordinates": [ 360401.562926017679274, 404725.573514129268005, 0.0 ] } },
{ "type": "Feature", "properties": { "cat": 123, "lcat": 805, "along": 2433.32111603265, "objectid": null, "assetid": null, "l_link_id": null, "l_system": null, "elr": null, "l_m_from": null, "l_m_to": null, "shape_len": null, "lm_start": null, "hm_end": null, "start": 23810.0616, "end": 29244.3408, "chain": 26238.567323076608 }, "geometry": { "type": "Point", "coordinates": [ 360381.657436908513773, 404726.832363727851771, 0.0 ] } },
{ "type": "Feature", "properties": { "cat": 124, "lcat": 805, "along": 2453.2663710820998, "objectid": null, "assetid": null, "l_link_id": null, "l_system": null, "elr": null, "l_m_from": null, "l_m_to": null, "shape_len": null, "lm_start": null, "hm_end": null, "start": 23810.0616, "end": 29244.3408, "chain": 26258.473107691992 }, "geometry": { "type": "Point", "coordinates": [ 360361.751947799348272, 404728.091213326435536, 0.0 ] } },
{ "type": "Feature", "properties": { "cat": 125, "lcat": 805, "along": 2473.21162613155, "objectid": null, "assetid": null, "l_link_id": null, "l_system": null, "elr": null, "l_m_from": null, "l_m_to": null, "shape_len": null, "lm_start": null, "hm_end": null, "start": 23810.0616, "end": 29244.3408, "chain": 26278.378892307377 }, "geometry": { "type": "Point", "coordinates": [ 360341.846458690182772, 404729.350062925077509, 0.0 ] } },
{ "type": "Feature", "properties": { "cat": 126, "lcat": 805, "along": 2493.1568811809898, "objectid": null, "assetid": null, "l_link_id": null, "l_system": null, "elr": null, "l_m_from": null, "l_m_to": null, "shape_len": null, "lm_start": null, "hm_end": null, "start": 23810.0616, "end": 29244.3408, "chain": 26298.284676922751 }, "geometry": { "type": "Point", "coordinates": [ 360321.957620215485804, 404730.808642954856623, 0.0 ] } },
{ "type": "Feature", "properties": { "cat": 127, "lcat": 805, "along": 2513.10213623044, "objectid": null, "assetid": null, "l_link_id": null, "l_system": null, "elr": null, "l_m_from": null, "l_m_to": null, "shape_len": null, "lm_start": null, "hm_end": null, "start": 23810.0616, "end": 29244.3408, "chain": 26318.190461538135 }, "geometry": { "type": "Point", "coordinates": [ 360302.118459631223232, 404732.863127391086891, 0.0 ] } },
{ "type": "Feature", "properties": { "cat": 128, "lcat": 805, "along": 2533.0473912798898, "objectid": null, "assetid": null, "l_link_id": null, "l_system": null, "elr": null, "l_m_from": null, "l_m_to": null, "shape_len": null, "lm_start": null, "hm_end": null, "start": 23810.0616, "end": 29244.3408, "chain": 26338.096246153516 }, "geometry": { "type": "Point", "coordinates": [ 360282.279299046960659, 404734.917611827375367, 0.0 ] } },
{ "type": "Feature", "properties": { "cat": 129, "lcat": 805, "along": 2552.99264632934, "objectid": null, "assetid": null, "l_link_id": null, "l_system": null, "elr": null, "l_m_from": null, "l_m_to": null, "shape_len": null, "lm_start": null, "hm_end": null, "start": 23810.0616, "end": 29244.3408, "chain": 26358.002030768901 }, "geometry": { "type": "Point", "coordinates": [ 360262.440138462639879, 404736.972096263663843, 0.0 ] } },
{ "type": "Feature", "properties": { "cat": 130, "lcat": 805, "along": 2572.9379013787898, "objectid": null, "assetid": null, "l_link_id": null, "l_system": null, "elr": null, "l_m_from": null, "l_m_to": null, "shape_len": null, "lm_start": null, "hm_end": null, "start": 23810.0616, "end": 29244.3408, "chain": 26377.907815384286 }, "geometry": { "type": "Point", "coordinates": [ 360242.61593606940005, 404739.150250057165977, 0.0 ] } },
{ "type": "Feature", "properties": { "cat": 131, "lcat": 805, "along": 2592.88315642823, "objectid": null, "assetid": null, "l_link_id": null, "l_system": null, "elr": null, "l_m_from": null, "l_m_to": null, "shape_len": null, "lm_start": null, "hm_end": null, "start": 23810.0616, "end": 29244.3408, "chain": 26397.813599999659 }, "geometry": { "type": "Point", "coordinates": [ 360222.859059176465962, 404741.885028736840468, 0.0 ] } },
{ "type": "Feature", "properties": { "cat": 132, "lcat": 805, "along": 2612.8284114776802, "objectid": null, "assetid": null, "l_link_id": null, "l_system": null, "elr": null, "l_m_from": null, "l_m_to": null, "shape_len": null, "lm_start": null, "hm_end": null, "start": 23810.0616, "end": 29244.3408, "chain": 26417.719384615044 }, "geometry": { "type": "Point", "coordinates": [ 360203.102182283590082, 404744.619807416456752, 0.0 ] } },
{ "type": "Feature", "properties": { "cat": 133, "lcat": 805, "along": 2632.77366652713, "objectid": null, "assetid": null, "l_link_id": null, "l_system": null, "elr": null, "l_m_from": null, "l_m_to": null, "shape_len": null, "lm_start": null, "hm_end": null, "start": 23810.0616, "end": 29244.3408, "chain": 26437.625169230429 }, "geometry": { "type": "Point", "coordinates": [ 360183.345305390714202, 404747.354586096131243, 0.0 ] } },
{ "type": "Feature", "properties": { "cat": 134, "lcat": 805, "along": 2652.7189215765802, "objectid": null, "assetid": null, "l_link_id": null, "l_system": null, "elr": null, "l_m_from": null, "l_m_to": null, "shape_len": null, "lm_start": null, "hm_end": null, "start": 23810.0616, "end": 29244.3408, "chain": 26457.530953845813 }, "geometry": { "type": "Point", "coordinates": [ 360163.588428497838322, 404750.089364775805734, 0.0 ] } },
{ "type": "Feature", "properties": { "cat": 135, "lcat": 805, "along": 2672.66417662603, "objectid": null, "assetid": null, "l_link_id": null, "l_system": null, "elr": null, "l_m_from": null, "l_m_to": null, "shape_len": null, "lm_start": null, "hm_end": null, "start": 23810.0616, "end": 29244.3408, "chain": 26477.436738461198 }, "geometry": { "type": "Point", "coordinates": [ 360143.901530701143201, 404753.286918230936863, 0.0 ] } },
{ "type": "Feature", "properties": { "cat": 136, "lcat": 805, "along": 2692.6094316754702, "objectid": null, "assetid": null, "l_link_id": null, "l_system": null, "elr": null, "l_m_from": null, "l_m_to": null, "shape_len": null, "lm_start": null, "hm_end": null, "start": 23810.0616, "end": 29244.3408, "chain": 26497.342523076572 }, "geometry": { "type": "Point", "coordinates": [ 360124.219394715270028, 404756.515961745812092, 0.0 ] } },
{ "type": "Feature", "properties": { "cat": 137, "lcat": 805, "along": 2712.55468672492, "objectid": null, "assetid": null, "l_link_id": null, "l_system": null, "elr": null, "l_m_from": null, "l_m_to": null, "shape_len": null, "lm_start": null, "hm_end": null, "start": 23810.0616, "end": 29244.3408, "chain": 26517.248307691956 }, "geometry": { "type": "Point", "coordinates": [ 360104.537258729396854, 404759.745005260687321, 0.0 ] } },
{ "type": "Feature", "properties": { "cat": 138, "lcat": 805, "along": 2732.4999417743702, "objectid": null, "assetid": null, "l_link_id": null, "l_system": null, "elr": null, "l_m_from": null, "l_m_to": null, "shape_len": null, "lm_start": null, "hm_end": null, "start": 23810.0616, "end": 29244.3408, "chain": 26537.154092307341 }, "geometry": { "type": "Point", "coordinates": [ 360084.85512274352368, 404762.974048775620759, 0.0 ] } },
{ "type": "Feature", "properties": { "cat": 139, "lcat": 805, "along": 2752.44519682382, "objectid": null, "assetid": null, "l_link_id": null, "l_system": null, "elr": null, "l_m_from": null, "l_m_to": null, "shape_len": null, "lm_start": null, "hm_end": null, "start": 23810.0616, "end": 29244.3408, "chain": 26557.059876922722 }, "geometry": { "type": "Point", "coordinates": [ 360065.205588411423378, 404766.387937020976096, 0.0 ] } },
{ "type": "Feature", "properties": { "cat": 140, "lcat": 805, "along": 2772.3904518732702, "objectid": null, "assetid": null, "l_link_id": null, "l_system": null, "elr": null, "l_m_from": null, "l_m_to": null, "shape_len": null, "lm_start": null, "hm_end": null, "start": 23810.0616, "end": 29244.3408, "chain": 26576.965661538106 }, "geometry": { "type": "Point", "coordinates": [ 360045.606363977713045, 404770.08707213413436, 0.0 ] } },
{ "type": "Feature", "properties": { "cat": 141, "lcat": 805, "along": 2792.33570692271, "objectid": null, "assetid": null, "l_link_id": null, "l_system": null, "elr": null, "l_m_from": null, "l_m_to": null, "shape_len": null, "lm_start": null, "hm_end": null, "start": 23810.0616, "end": 29244.3408, "chain": 26596.87144615348 }, "geometry": { "type": "Point", "coordinates": [ 360026.007139544002712, 404773.786207247292623, 0.0 ] } },
{ "type": "Feature", "properties": { "cat": 142, "lcat": 805, "along": 2812.2809619721602, "objectid": null, "assetid": null, "l_link_id": null, "l_system": null, "elr": null, "l_m_from": null, "l_m_to": null, "shape_len": null, "lm_start": null, "hm_end": null, "start": 23810.0616, "end": 29244.3408, "chain": 26616.777230768865 }, "geometry": { "type": "Point", "coordinates": [ 360006.407915110350586, 404777.485342360450886, 0.0 ] } },
{ "type": "Feature", "properties": { "cat": 143, "lcat": 805, "along": 2832.22621702161, "objectid": null, "assetid": null, "l_link_id": null, "l_system": null, "elr": null, "l_m_from": null, "l_m_to": null, "shape_len": null, "lm_start": null, "hm_end": null, "start": 23810.0616, "end": 29244.3408, "chain": 26636.683015384249 }, "geometry": { "type": "Point", "coordinates": [ 359986.808690676640254, 404781.184477473550942, 0.0 ] } },
{ "type": "Feature", "properties": { "cat": 144, "lcat": 805, "along": 2852.1714720710602, "objectid": null, "assetid": null, "l_link_id": null, "l_system": null, "elr": null, "l_m_from": null, "l_m_to": null, "shape_len": null, "lm_start": null, "hm_end": null, "start": 23810.0616, "end": 29244.3408, "chain": 26656.588799999634 }, "geometry": { "type": "Point", "coordinates": [ 359967.209466242929921, 404784.883612586709205, 0.0 ] } },
{ "type": "Feature", "properties": { "cat": 145, "lcat": 805, "along": 2872.1167271205099, "objectid": null, "assetid": null, "l_link_id": null, "l_system": null, "elr": null, "l_m_from": null, "l_m_to": null, "shape_len": null, "lm_start": null, "hm_end": null, "start": 23810.0616, "end": 29244.3408, "chain": 26676.494584615019 }, "geometry": { "type": "Point", "coordinates": [ 359947.610241809219588, 404788.582747699867468, 0.0 ] } },
{ "type": "Feature", "properties": { "cat": 146, "lcat": 805, "along": 2892.0619821699502, "objectid": null, "assetid": null, "l_link_id": null, "l_system": null, "elr": null, "l_m_from": null, "l_m_to": null, "shape_len": null, "lm_start": null, "hm_end": null, "start": 23810.0616, "end": 29244.3408, "chain": 26696.400369230392 }, "geometry": { "type": "Point", "coordinates": [ 359928.011017375567462, 404792.281882812967524, 0.0 ] } },
{ "type": "Feature", "properties": { "cat": 147, "lcat": 805, "along": 2912.0072372193999, "objectid": null, "assetid": null, "l_link_id": null, "l_system": null, "elr": null, "l_m_from": null, "l_m_to": null, "shape_len": null, "lm_start": null, "hm_end": null, "start": 23810.0616, "end": 29244.3408, "chain": 26716.306153845777 }, "geometry": { "type": "Point", "coordinates": [ 359908.411792941857129, 404795.981017926125787, 0.0 ] } },
{ "type": "Feature", "properties": { "cat": 148, "lcat": 805, "along": 2931.9524922688502, "objectid": null, "assetid": null, "l_link_id": null, "l_system": null, "elr": null, "l_m_from": null, "l_m_to": null, "shape_len": null, "lm_start": null, "hm_end": null, "start": 23810.0616, "end": 29244.3408, "chain": 26736.211938461161 }, "geometry": { "type": "Point", "coordinates": [ 359888.899524064094294, 404800.107255346432794, 0.0 ] } },
{ "type": "Feature", "properties": { "cat": 149, "lcat": 805, "along": 2951.8977473182999, "objectid": null, "assetid": null, "l_link_id": null, "l_system": null, "elr": null, "l_m_from": null, "l_m_to": null, "shape_len": null, "lm_start": null, "hm_end": null, "start": 23810.0616, "end": 29244.3408, "chain": 26756.117723076542 }, "geometry": { "type": "Point", "coordinates": [ 359869.414135386468843, 404804.365521081374027, 0.0 ] } },
{ "type": "Feature", "properties": { "cat": 150, "lcat": 805, "along": 2971.8430023677502, "objectid": null, "assetid": null, "l_link_id": null, "l_system": null, "elr": null, "l_m_from": null, "l_m_to": null, "shape_len": null, "lm_start": null, "hm_end": null, "start": 23810.0616, "end": 29244.3408, "chain": 26776.023507691927 }, "geometry": { "type": "Point", "coordinates": [ 359849.928746708843391, 404808.623786816373467, 0.0 ] } },
{ "type": "Feature", "properties": { "cat": 151, "lcat": 805, "along": 2991.7882574171899, "objectid": null, "assetid": null, "l_link_id": null, "l_system": null, "elr": null, "l_m_from": null, "l_m_to": null, "shape_len": null, "lm_start": null, "hm_end": null, "start": 23810.0616, "end": 29244.3408, "chain": 26795.929292307301 }, "geometry": { "type": "Point", "coordinates": [ 359830.44335803121794, 404812.8820525513147, 0.0 ] } },
{ "type": "Feature", "properties": { "cat": 152, "lcat": 805, "along": 3011.7335124666401, "objectid": null, "assetid": null, "l_link_id": null, "l_system": null, "elr": null, "l_m_from": null, "l_m_to": null, "shape_len": null, "lm_start": null, "hm_end": null, "start": 23810.0616, "end": 29244.3408, "chain": 26815.835076922685 }, "geometry": { "type": "Point", "coordinates": [ 359810.957969353592489, 404817.140318286314141, 0.0 ] } },
{ "type": "Feature", "properties": { "cat": 153, "lcat": 805, "along": 3031.6787675160899, "objectid": null, "assetid": null, "l_link_id": null, "l_system": null, "elr": null, "l_m_from": null, "l_m_to": null, "shape_len": null, "lm_start": null, "hm_end": null, "start": 23810.0616, "end": 29244.3408, "chain": 26835.74086153807 }, "geometry": { "type": "Point", "coordinates": [ 359791.472580675967038, 404821.398584021255374, 0.0 ] } },
{ "type": "Feature", "properties": { "cat": 154, "lcat": 805, "along": 3051.6240225655401, "objectid": null, "assetid": null, "l_link_id": null, "l_system": null, "elr": null, "l_m_from": null, "l_m_to": null, "shape_len": null, "lm_start": null, "hm_end": null, "start": 23810.0616, "end": 29244.3408, "chain": 26855.646646153455 }, "geometry": { "type": "Point", "coordinates": [ 359771.987191998399794, 404825.656849756254815, 0.0 ] } },
{ "type": "Feature", "properties": { "cat": 155, "lcat": 805, "along": 3071.5692776149899, "objectid": null, "assetid": null, "l_link_id": null, "l_system": null, "elr": null, "l_m_from": null, "l_m_to": null, "shape_len": null, "lm_start": null, "hm_end": null, "start": 23810.0616, "end": 29244.3408, "chain": 26875.552430768839 }, "geometry": { "type": "Point", "coordinates": [ 359752.501803320774343, 404829.915115491196048, 0.0 ] } },
{ "type": "Feature", "properties": { "cat": 156, "lcat": 805, "along": 3091.5145326644301, "objectid": null, "assetid": null, "l_link_id": null, "l_system": null, "elr": null, "l_m_from": null, "l_m_to": null, "shape_len": null, "lm_start": null, "hm_end": null, "start": 23810.0616, "end": 29244.3408, "chain": 26895.458215384213 }, "geometry": { "type": "Point", "coordinates": [ 359733.016414643148892, 404834.173381226195488, 0.0 ] } },
{ "type": "Feature", "properties": { "cat": 157, "lcat": 805, "along": 3111.4597877138799, "objectid": null, "assetid": null, "l_link_id": null, "l_system": null, "elr": null, "l_m_from": null, "l_m_to": null, "shape_len": null, "lm_start": null, "hm_end": null, "start": 23810.0616, "end": 29244.3408, "chain": 26915.364 }, "geometry": { "type": "Point", "coordinates": [ 359713.53102596552344, 404838.431646961136721, 0.0 ] } },
{ "type": "Feature", "properties": { "cat": 158, "lcat": 805, "along": 3131.4050427633301, "objectid": null, "assetid": null, "l_link_id": null, "l_system": null, "elr": null, "l_m_from": null, "l_m_to": null, "shape_len": null, "lm_start": null, "hm_end": null, "start": 23810.0616, "end": 29244.3408, "chain": 26935.269784614982 }, "geometry": { "type": "Point", "coordinates": [ 359694.045637287897989, 404842.689912696136162, 0.0 ] } },
{ "type": "Feature", "properties": { "cat": 159, "lcat": 805, "along": 3151.3502978127799, "objectid": null, "assetid": null, "l_link_id": null, "l_system": null, "elr": null, "l_m_from": null, "l_m_to": null, "shape_len": null, "lm_start": null, "hm_end": null, "start": 23810.0616, "end": 29244.3408, "chain": 26955.175569230363 }, "geometry": { "type": "Point", "coordinates": [ 359674.560248610272538, 404846.948178431077395, 0.0 ] } },
{ "type": "Feature", "properties": { "cat": 160, "lcat": 805, "along": 3171.2955528622301, "objectid": null, "assetid": null, "l_link_id": null, "l_system": null, "elr": null, "l_m_from": null, "l_m_to": null, "shape_len": null, "lm_start": null, "hm_end": null, "start": 23810.0616, "end": 29244.3408, "chain": 26975.081353845748 }, "geometry": { "type": "Point", "coordinates": [ 359655.074859932647087, 404851.206444166076835, 0.0 ] } },
{ "type": "Feature", "properties": { "cat": 161, "lcat": 805, "along": 3191.2408079116699, "objectid": null, "assetid": null, "l_link_id": null, "l_system": null, "elr": null, "l_m_from": null, "l_m_to": null, "shape_len": null, "lm_start": null, "hm_end": null, "start": 23810.0616, "end": 29244.3408, "chain": 26994.987138461122 }, "geometry": { "type": "Point", "coordinates": [ 359635.589471255021635, 404855.464709901018068, 0.0 ] } },
{ "type": "Feature", "properties": { "cat": 162, "lcat": 805, "along": 3211.1860629611201, "objectid": null, "assetid": null, "l_link_id": null, "l_system": null, "elr": null, "l_m_from": null, "l_m_to": null, "shape_len": null, "lm_start": null, "hm_end": null, "start": 23810.0616, "end": 29244.3408, "chain": 27014.892923076506 }, "geometry": { "type": "Point", "coordinates": [ 359616.234929755446501, 404860.267409000138287, 0.0 ] } },
{ "type": "Feature", "properties": { "cat": 163, "lcat": 805, "along": 3231.1313180105699, "objectid": null, "assetid": null, "l_link_id": null, "l_system": null, "elr": null, "l_m_from": null, "l_m_to": null, "shape_len": null, "lm_start": null, "hm_end": null, "start": 23810.0616, "end": 29244.3408, "chain": 27034.798707691891 }, "geometry": { "type": "Point", "coordinates": [ 359596.94257303973427, 404865.328848651028238, 0.0 ] } },
{ "type": "Feature", "properties": { "cat": 164, "lcat": 805, "along": 3251.0765730600201, "objectid": null, "assetid": null, "l_link_id": null, "l_system": null, "elr": null, "l_m_from": null, "l_m_to": null, "shape_len": null, "lm_start": null, "hm_end": null, "start": 23810.0616, "end": 29244.3408, "chain": 27054.704492307275 }, "geometry": { "type": "Point", "coordinates": [ 359577.650216323963832, 404870.390288301859982, 0.0 ] } },
{ "type": "Feature", "properties": { "cat": 165, "lcat": 805, "along": 3271.0218281094699, "objectid": null, "assetid": null, "l_link_id": null, "l_system": null, "elr": null, "l_m_from": null, "l_m_to": null, "shape_len": null, "lm_start": null, "hm_end": null, "start": 23810.0616, "end": 29244.3408, "chain": 27074.61027692266 }, "geometry": { "type": "Point", "coordinates": [ 359558.357859608193394, 404875.451727952749934, 0.0 ] } },
{ "type": "Feature", "properties": { "cat": 166, "lcat": 805, "along": 3290.9670831589101, "objectid": null, "assetid": null, "l_link_id": null, "l_system": null, "elr": null, "l_m_from": null, "l_m_to": null, "shape_len": null, "lm_start": null, "hm_end": null, "start": 23810.0616, "end": 29244.3408, "chain": 27094.516061538034 }, "geometry": { "type": "Point", "coordinates": [ 359538.977186622098088, 404880.13505046692444, 0.0 ] } },
{ "type": "Feature", "properties": { "cat": 167, "lcat": 805, "along": 3310.9123382083599, "objectid": null, "assetid": null, "l_link_id": null, "l_system": null, "elr": null, "l_m_from": null, "l_m_to": null, "shape_len": null, "lm_start": null, "hm_end": null, "start": 23810.0616, "end": 29244.3408, "chain": 27114.421846153418 }, "geometry": { "type": "Point", "coordinates": [ 359519.438825040124357, 404884.143245282699354, 0.0 ] } },
{ "type": "Feature", "properties": { "cat": 168, "lcat": 805, "along": 3330.8575932578101, "objectid": null, "assetid": null, "l_link_id": null, "l_system": null, "elr": null, "l_m_from": null, "l_m_to": null, "shape_len": null, "lm_start": null, "hm_end": null, "start": 23810.0616, "end": 29244.3408, "chain": 27134.327630768799 }, "geometry": { "type": "Point", "coordinates": [ 359499.900463458208833, 404888.151440098474268, 0.0 ] } },
{ "type": "Feature", "properties": { "cat": 169, "lcat": 805, "along": 3350.8028483072599, "objectid": null, "assetid": null, "l_link_id": null, "l_system": null, "elr": null, "l_m_from": null, "l_m_to": null, "shape_len": null, "lm_start": null, "hm_end": null, "start": 23810.0616, "end": 29244.3408, "chain": 27154.233415384184 }, "geometry": { "type": "Point", "coordinates": [ 359480.362101876293309, 404892.159634914249182, 0.0 ] } },
{ "type": "Feature", "properties": { "cat": 170, "lcat": 805, "along": 3370.7481033567101, "objectid": null, "assetid": null, "l_link_id": null, "l_system": null, "elr": null, "l_m_from": null, "l_m_to": null, "shape_len": null, "lm_start": null, "hm_end": null, "start": 23810.0616, "end": 29244.3408, "chain": 27174.139199999569 }, "geometry": { "type": "Point", "coordinates": [ 359460.823740294319578, 404896.167829729965888, 0.0 ] } },
{ "type": "Feature", "properties": { "cat": 171, "lcat": 805, "along": 3390.6933584061499, "objectid": null, "assetid": null, "l_link_id": null, "l_system": null, "elr": null, "l_m_from": null, "l_m_to": null, "shape_len": null, "lm_start": null, "hm_end": null, "start": 23810.0616, "end": 29244.3408, "chain": 27194.044984614942 }, "geometry": { "type": "Point", "coordinates": [ 359441.285378712404054, 404900.176024545740802, 0.0 ] } },
{ "type": "Feature", "properties": { "cat": 172, "lcat": 805, "along": 3410.6386134556001, "objectid": null, "assetid": null, "l_link_id": null, "l_system": null, "elr": null, "l_m_from": null, "l_m_to": null, "shape_len": null, "lm_start": null, "hm_end": null, "start": 23810.0616, "end": 29244.3408, "chain": 27213.950769230327 }, "geometry": { "type": "Point", "coordinates": [ 359421.74701713048853, 404904.184219361515716, 0.0 ] } },
{ "type": "Feature", "properties": { "cat": 173, "lcat": 805, "along": 3430.5838685050498, "objectid": null, "assetid": null, "l_link_id": null, "l_system": null, "elr": null, "l_m_from": null, "l_m_to": null, "shape_len": null, "lm_start": null, "hm_end": null, "start": 23810.0616, "end": 29244.3408, "chain": 27233.856553845711 }, "geometry": { "type": "Point", "coordinates": [ 359402.118159559788182, 404907.702747890260071, 0.0 ] } },
{ "type": "Feature", "properties": { "cat": 174, "lcat": 805, "along": 3450.5291235545001, "objectid": null, "assetid": null, "l_link_id": null, "l_system": null, "elr": null, "l_m_from": null, "l_m_to": null, "shape_len": null, "lm_start": null, "hm_end": null, "start": 23810.0616, "end": 29244.3408, "chain": 27253.762338461096 }, "geometry": { "type": "Point", "coordinates": [ 359382.437804029905237, 404910.942625234543812, 0.0 ] } },
{ "type": "Feature", "properties": { "cat": 175, "lcat": 805, "along": 3470.4743786039398, "objectid": null, "assetid": null, "l_link_id": null, "l_system": null, "elr": null, "l_m_from": null, "l_m_to": null, "shape_len": null, "lm_start": null, "hm_end": null, "start": 23810.0616, "end": 29244.3408, "chain": 27273.66812307647 }, "geometry": { "type": "Point", "coordinates": [ 359362.7574485000805, 404914.182502578827552, 0.0 ] } },
{ "type": "Feature", "properties": { "cat": 176, "lcat": 805, "along": 3490.4196336533901, "objectid": null, "assetid": null, "l_link_id": null, "l_system": null, "elr": null, "l_m_from": null, "l_m_to": null, "shape_len": null, "lm_start": null, "hm_end": null, "start": 23810.0616, "end": 29244.3408, "chain": 27293.573907691854 }, "geometry": { "type": "Point", "coordinates": [ 359343.077092970197555, 404917.422379923111293, 0.0 ] } },
{ "type": "Feature", "properties": { "cat": 177, "lcat": 805, "along": 3510.3648887028398, "objectid": null, "assetid": null, "l_link_id": null, "l_system": null, "elr": null, "l_m_from": null, "l_m_to": null, "shape_len": null, "lm_start": null, "hm_end": null, "start": 23810.0616, "end": 29244.3408, "chain": 27313.479692307239 }, "geometry": { "type": "Point", "coordinates": [ 359323.492296878539491, 404921.170886626699939, 0.0 ] } },
{ "type": "Feature", "properties": { "cat": 178, "lcat": 805, "along": 3530.3101437522901, "objectid": null, "assetid": null, "l_link_id": null, "l_system": null, "elr": null, "l_m_from": null, "l_m_to": null, "shape_len": null, "lm_start": null, "hm_end": null, "start": 23810.0616, "end": 29244.3408, "chain": 27333.385476922624 }, "geometry": { "type": "Point", "coordinates": [ 359303.978022217575926, 404925.294754161615856, 0.0 ] } },
{ "type": "Feature", "properties": { "cat": 179, "lcat": 805, "along": 3550.2553988017398, "objectid": null, "assetid": null, "l_link_id": null, "l_system": null, "elr": null, "l_m_from": null, "l_m_to": null, "shape_len": null, "lm_start": null, "hm_end": null, "start": 23810.0616, "end": 29244.3408, "chain": 27353.291261538005 }, "geometry": { "type": "Point", "coordinates": [ 359284.463747556670569, 404929.418621696473565, 0.0 ] } },
{ "type": "Feature", "properties": { "cat": 180, "lcat": 805, "along": 3570.20065385118, "objectid": null, "assetid": null, "l_link_id": null, "l_system": null, "elr": null, "l_m_from": null, "l_m_to": null, "shape_len": null, "lm_start": null, "hm_end": null, "start": 23810.0616, "end": 29244.3408, "chain": 27373.197046153378 }, "geometry": { "type": "Point", "coordinates": [ 359264.949472895707004, 404933.542489231331274, 0.0 ] } },
{ "type": "Feature", "properties": { "cat": 181, "lcat": 805, "along": 3590.1459089006298, "objectid": null, "assetid": null, "l_link_id": null, "l_system": null, "elr": null, "l_m_from": null, "l_m_to": null, "shape_len": null, "lm_start": null, "hm_end": null, "start": 23810.0616, "end": 29244.3408, "chain": 27393.102830768763 }, "geometry": { "type": "Point", "coordinates": [ 359245.435198234801646, 404937.666356766188983, 0.0 ] } },
{ "type": "Feature", "properties": { "cat": 182, "lcat": 805, "along": 3610.09116395008, "objectid": null, "assetid": null, "l_link_id": null, "l_system": null, "elr": null, "l_m_from": null, "l_m_to": null, "shape_len": null, "lm_start": null, "hm_end": null, "start": 23810.0616, "end": 29244.3408, "chain": 27413.008615384148 }, "geometry": { "type": "Point", "coordinates": [ 359225.920923573838081, 404941.790224301046692, 0.0 ] } },
{ "type": "Feature", "properties": { "cat": 183, "lcat": 805, "along": 3630.0364189995298, "objectid": null, "assetid": null, "l_link_id": null, "l_system": null, "elr": null, "l_m_from": null, "l_m_to": null, "shape_len": null, "lm_start": null, "hm_end": null, "start": 23810.0616, "end": 29244.3408, "chain": 27432.914399999532 }, "geometry": { "type": "Point", "coordinates": [ 359206.406648912932724, 404945.914091835962608, 0.0 ] } },
{ "type": "Feature", "properties": { "cat": 184, "lcat": 805, "along": 3649.98167404898, "objectid": null, "assetid": null, "l_link_id": null, "l_system": null, "elr": null, "l_m_from": null, "l_m_to": null, "shape_len": null, "lm_start": null, "hm_end": null, "start": 23810.0616, "end": 29244.3408, "chain": 27452.820184614917 }, "geometry": { "type": "Point", "coordinates": [ 359186.892374251969159, 404950.037959370820317, 0.0 ] } },
{ "type": "Feature", "properties": { "cat": 185, "lcat": 805, "along": 3669.9269290984198, "objectid": null, "assetid": null, "l_link_id": null, "l_system": null, "elr": null, "l_m_from": null, "l_m_to": null, "shape_len": null, "lm_start": null, "hm_end": null, "start": 23810.0616, "end": 29244.3408, "chain": 27472.725969230291 }, "geometry": { "type": "Point", "coordinates": [ 359167.378099591063801, 404954.161826905678026, 0.0 ] } },
{ "type": "Feature", "properties": { "cat": 186, "lcat": 805, "along": 3689.87218414787, "objectid": null, "assetid": null, "l_link_id": null, "l_system": null, "elr": null, "l_m_from": null, "l_m_to": null, "shape_len": null, "lm_start": null, "hm_end": null, "start": 23810.0616, "end": 29244.3408, "chain": 27492.631753845675 }, "geometry": { "type": "Point", "coordinates": [ 359147.863824930100236, 404958.285694440535735, 0.0 ] } },
{ "type": "Feature", "properties": { "cat": 187, "lcat": 805, "along": 3709.8174391973198, "objectid": null, "assetid": null, "l_link_id": null, "l_system": null, "elr": null, "l_m_from": null, "l_m_to": null, "shape_len": null, "lm_start": null, "hm_end": null, "start": 23810.0616, "end": 29244.3408, "chain": 27512.53753846106 }, "geometry": { "type": "Point", "coordinates": [ 359128.349550269194879, 404962.409561975393444, 0.0 ] } },
{ "type": "Feature", "properties": { "cat": 188, "lcat": 805, "along": 3729.76269424677, "objectid": null, "assetid": null, "l_link_id": null, "l_system": null, "elr": null, "l_m_from": null, "l_m_to": null, "shape_len": null, "lm_start": null, "hm_end": null, "start": 23810.0616, "end": 29244.3408, "chain": 27532.443323076441 }, "geometry": { "type": "Point", "coordinates": [ 359108.835275608231314, 404966.533429510309361, 0.0 ] } },
{ "type": "Feature", "properties": { "cat": 189, "lcat": 805, "along": 3749.7079492962198, "objectid": null, "assetid": null, "l_link_id": null, "l_system": null, "elr": null, "l_m_from": null, "l_m_to": null, "shape_len": null, "lm_start": null, "hm_end": null, "start": 23810.0616, "end": 29244.3408, "chain": 27552.349107691825 }, "geometry": { "type": "Point", "coordinates": [ 359089.321000947325956, 404970.65729704516707, 0.0 ] } },
{ "type": "Feature", "properties": { "cat": 190, "lcat": 805, "along": 3769.65320434566, "objectid": null, "assetid": null, "l_link_id": null, "l_system": null, "elr": null, "l_m_from": null, "l_m_to": null, "shape_len": null, "lm_start": null, "hm_end": null, "start": 23810.0616, "end": 29244.3408, "chain": 27572.254892307203 }, "geometry": { "type": "Point", "coordinates": [ 359069.806726286362391, 404974.781164580024779, 0.0 ] } },
{ "type": "Feature", "properties": { "cat": 191, "lcat": 805, "along": 3789.5984593951098, "objectid": null, "assetid": null, "l_link_id": null, "l_system": null, "elr": null, "l_m_from": null, "l_m_to": null, "shape_len": null, "lm_start": null, "hm_end": null, "start": 23810.0616, "end": 29244.3408, "chain": 27592.160676922584 }, "geometry": { "type": "Point", "coordinates": [ 359050.292451625457034, 404978.905032114882488, 0.0 ] } },
{ "type": "Feature", "properties": { "cat": 192, "lcat": 805, "along": 3809.54371444456, "objectid": null, "assetid": null, "l_link_id": null, "l_system": null, "elr": null, "l_m_from": null, "l_m_to": null, "shape_len": null, "lm_start": null, "hm_end": null, "start": 23810.0616, "end": 29244.3408, "chain": 27612.066461537968 }, "geometry": { "type": "Point", "coordinates": [ 359030.778176964493468, 404983.028899649740197, 0.0 ] } },
{ "type": "Feature", "properties": { "cat": 193, "lcat": 805, "along": 3829.4889694940098, "objectid": null, "assetid": null, "l_link_id": null, "l_system": null, "elr": null, "l_m_from": null, "l_m_to": null, "shape_len": null, "lm_start": null, "hm_end": null, "start": 23810.0616, "end": 29244.3408, "chain": 27631.972246153353 }, "geometry": { "type": "Point", "coordinates": [ 359011.263902303588111, 404987.152767184656113, 0.0 ] } },
{ "type": "Feature", "properties": { "cat": 194, "lcat": 805, "along": 3849.43422454346, "objectid": null, "assetid": null, "l_link_id": null, "l_system": null, "elr": null, "l_m_from": null, "l_m_to": null, "shape_len": null, "lm_start": null, "hm_end": null, "start": 23810.0616, "end": 29244.3408, "chain": 27651.878030768738 }, "geometry": { "type": "Point", "coordinates": [ 358991.749627642624546, 404991.276634719513822, 0.0 ] } },
{ "type": "Feature", "properties": { "cat": 195, "lcat": 805, "along": 3869.3794795929002, "objectid": null, "assetid": null, "l_link_id": null, "l_system": null, "elr": null, "l_m_from": null, "l_m_to": null, "shape_len": null, "lm_start": null, "hm_end": null, "start": 23810.0616, "end": 29244.3408, "chain": 27671.783815384111 }, "geometry": { "type": "Point", "coordinates": [ 358972.235352981719188, 404995.400502254371531, 0.0 ] } },
{ "type": "Feature", "properties": { "cat": 196, "lcat": 805, "along": 3889.32473464235, "objectid": null, "assetid": null, "l_link_id": null, "l_system": null, "elr": null, "l_m_from": null, "l_m_to": null, "shape_len": null, "lm_start": null, "hm_end": null, "start": 23810.0616, "end": 29244.3408, "chain": 27691.689599999496 }, "geometry": { "type": "Point", "coordinates": [ 358952.721078320755623, 404999.52436978922924, 0.0 ] } },
{ "type": "Feature", "properties": { "cat": 197, "lcat": 805, "along": 3909.2699896918002, "objectid": null, "assetid": null, "l_link_id": null, "l_system": null, "elr": null, "l_m_from": null, "l_m_to": null, "shape_len": null, "lm_start": null, "hm_end": null, "start": 23810.0616, "end": 29244.3408, "chain": 27711.59538461488 }, "geometry": { "type": "Point", "coordinates": [ 358933.206803659850266, 405003.648237324086949, 0.0 ] } },
{ "type": "Feature", "properties": { "cat": 198, "lcat": 805, "along": 3929.21524474125, "objectid": null, "assetid": null, "l_link_id": null, "l_system": null, "elr": null, "l_m_from": null, "l_m_to": null, "shape_len": null, "lm_start": null, "hm_end": null, "start": 23810.0616, "end": 29244.3408, "chain": 27731.501169230265 }, "geometry": { "type": "Point", "coordinates": [ 358913.692528998886701, 405007.772104859002866, 0.0 ] } },
{ "type": "Feature", "properties": { "cat": 199, "lcat": 805, "along": 3949.1604997907002, "objectid": null, "assetid": null, "l_link_id": null, "l_system": null, "elr": null, "l_m_from": null, "l_m_to": null, "shape_len": null, "lm_start": null, "hm_end": null, "start": 23810.0616, "end": 29244.3408, "chain": 27751.406953845646 }, "geometry": { "type": "Point", "coordinates": [ 358894.178254337981343, 405011.895972393860575, 0.0 ] } },
{ "type": "Feature", "properties": { "cat": 200, "lcat": 805, "along": 3969.10575484014, "objectid": null, "assetid": null, "l_link_id": null, "l_system": null, "elr": null, "l_m_from": null, "l_m_to": null, "shape_len": null, "lm_start": null, "hm_end": null, "start": 23810.0616, "end": 29244.3408, "chain": 27771.31273846102 }, "geometry": { "type": "Point", "coordinates": [ 358874.663979677017778, 405016.019839928718284, 0.0 ] } },
{ "type": "Feature", "properties": { "cat": 201, "lcat": 805, "along": 3989.0510098895902, "objectid": null, "assetid": null, "l_link_id": null, "l_system": null, "elr": null, "l_m_from": null, "l_m_to": null, "shape_len": null, "lm_start": null, "hm_end": null, "start": 23810.0616, "end": 29244.3408, "chain": 27791.218523076408 }, "geometry": { "type": "Point", "coordinates": [ 358855.149705016112421, 405020.143707463575993, 0.0 ] } },
{ "type": "Feature", "properties": { "cat": 202, "lcat": 805, "along": 4008.99626493904, "objectid": null, "assetid": null, "l_link_id": null, "l_system": null, "elr": null, "l_m_from": null, "l_m_to": null, "shape_len": null, "lm_start": null, "hm_end": null, "start": 23810.0616, "end": 29244.3408, "chain": 27811.124307691789 }, "geometry": { "type": "Point", "coordinates": [ 358835.635430355148856, 405024.267574998433702, 0.0 ] } },
{ "type": "Feature", "properties": { "cat": 203, "lcat": 805, "along": 4028.9415199884902, "objectid": null, "assetid": null, "l_link_id": null, "l_system": null, "elr": null, "l_m_from": null, "l_m_to": null, "shape_len": null, "lm_start": null, "hm_end": null, "start": 23810.0616, "end": 29244.3408, "chain": 27831.030092307174 }, "geometry": { "type": "Point", "coordinates": [ 358816.121155694243498, 405028.391442533349618, 0.0 ] } },
{ "type": "Feature", "properties": { "cat": 204, "lcat": 805, "along": 4048.88677503794, "objectid": null, "assetid": null, "l_link_id": null, "l_system": null, "elr": null, "l_m_from": null, "l_m_to": null, "shape_len": null, "lm_start": null, "hm_end": null, "start": 23810.0616, "end": 29244.3408, "chain": 27850.935876922558 }, "geometry": { "type": "Point", "coordinates": [ 358796.606881033279933, 405032.515310068207327, 0.0 ] } },
{ "type": "Feature", "properties": { "cat": 205, "lcat": 805, "along": 4068.8320300873802, "objectid": null, "assetid": null, "l_link_id": null, "l_system": null, "elr": null, "l_m_from": null, "l_m_to": null, "shape_len": null, "lm_start": null, "hm_end": null, "start": 23810.0616, "end": 29244.3408, "chain": 27870.841661537932 }, "geometry": { "type": "Point", "coordinates": [ 358777.092606372374576, 405036.639177603065036, 0.0 ] } },
{ "type": "Feature", "properties": { "cat": 206, "lcat": 805, "along": 4088.77728513683, "objectid": null, "assetid": null, "l_link_id": null, "l_system": null, "elr": null, "l_m_from": null, "l_m_to": null, "shape_len": null, "lm_start": null, "hm_end": null, "start": 23810.0616, "end": 29244.3408, "chain": 27890.747446153317 }, "geometry": { "type": "Point", "coordinates": [ 358757.740267441084143, 405041.414480060921051, 0.0 ] } },
{ "type": "Feature", "properties": { "cat": 207, "lcat": 805, "along": 4108.7225401862797, "objectid": null, "assetid": null, "l_link_id": null, "l_system": null, "elr": null, "l_m_from": null, "l_m_to": null, "shape_len": null, "lm_start": null, "hm_end": null, "start": 23810.0616, "end": 29244.3408, "chain": 27910.653230768701 }, "geometry": { "type": "Point", "coordinates": [ 358738.566422088944819, 405046.907826345297508, 0.0 ] } },
{ "type": "Feature", "properties": { "cat": 208, "lcat": 805, "along": 4128.6677952357304, "objectid": null, "assetid": null, "l_link_id": null, "l_system": null, "elr": null, "l_m_from": null, "l_m_to": null, "shape_len": null, "lm_start": null, "hm_end": null, "start": 23810.0616, "end": 29244.3408, "chain": 27930.559015384086 }, "geometry": { "type": "Point", "coordinates": [ 358719.392576736805495, 405052.401172629615758, 0.0 ] } },
{ "type": "Feature", "properties": { "cat": 209, "lcat": 805, "along": 4148.6130502851802, "objectid": null, "assetid": null, "l_link_id": null, "l_system": null, "elr": null, "l_m_from": null, "l_m_to": null, "shape_len": null, "lm_start": null, "hm_end": null, "start": 23810.0616, "end": 29244.3408, "chain": 27950.46479999947 }, "geometry": { "type": "Point", "coordinates": [ 358700.243267844081856, 405057.973265233973507, 0.0 ] } },
{ "type": "Feature", "properties": { "cat": 210, "lcat": 805, "along": 4168.5583053346199, "objectid": null, "assetid": null, "l_link_id": null, "l_system": null, "elr": null, "l_m_from": null, "l_m_to": null, "shape_len": null, "lm_start": null, "hm_end": null, "start": 23810.0616, "end": 29244.3408, "chain": 27970.370584614844 }, "geometry": { "type": "Point", "coordinates": [ 358681.342647913552355, 405064.34349013020983, 0.0 ] } },
{ "type": "Feature", "properties": { "cat": 211, "lcat": 805, "along": 4188.5035603840697, "objectid": null, "assetid": null, "l_link_id": null, "l_system": null, "elr": null, "l_m_from": null, "l_m_to": null, "shape_len": null, "lm_start": null, "hm_end": null, "start": 23810.0616, "end": 29244.3408, "chain": 27990.276369230225 }, "geometry": { "type": "Point", "coordinates": [ 358662.679391324636526, 405071.36241075838916, 0.0 ] } },
{ "type": "Feature", "properties": { "cat": 212, "lcat": 805, "along": 4208.4488154335204, "objectid": null, "assetid": null, "l_link_id": null, "l_system": null, "elr": null, "l_m_from": null, "l_m_to": null, "shape_len": null, "lm_start": null, "hm_end": null, "start": 23810.0616, "end": 29244.3408, "chain": 28010.18215384561 }, "geometry": { "type": "Point", "coordinates": [ 358644.130952084437013, 405078.695118357951287, 0.0 ] } },
{ "type": "Feature", "properties": { "cat": 213, "lcat": 805, "along": 4228.3940704829702, "objectid": null, "assetid": null, "l_link_id": null, "l_system": null, "elr": null, "l_m_from": null, "l_m_to": null, "shape_len": null, "lm_start": null, "hm_end": null, "start": 23810.0616, "end": 29244.3408, "chain": 28030.087938460994 }, "geometry": { "type": "Point", "coordinates": [ 358625.582512844237499, 405086.027825957513414, 0.0 ] } },
{ "type": "Feature", "properties": { "cat": 214, "lcat": 805, "along": 4248.3393255324199, "objectid": null, "assetid": null, "l_link_id": null, "l_system": null, "elr": null, "l_m_from": null, "l_m_to": null, "shape_len": null, "lm_start": null, "hm_end": null, "start": 23810.0616, "end": 29244.3408, "chain": 28049.993723076379 }, "geometry": { "type": "Point", "coordinates": [ 358607.181976345193107, 405093.703520730079617, 0.0 ] } },
{ "type": "Feature", "properties": { "cat": 215, "lcat": 805, "along": 4268.2845805818597, "objectid": null, "assetid": null, "l_link_id": null, "l_system": null, "elr": null, "l_m_from": null, "l_m_to": null, "shape_len": null, "lm_start": null, "hm_end": null, "start": 23810.0616, "end": 29244.3408, "chain": 28069.899507691753 }, "geometry": { "type": "Point", "coordinates": [ 358589.117672325694002, 405102.158940251159947, 0.0 ] } },
{ "type": "Feature", "properties": { "cat": 216, "lcat": 805, "along": 4288.2298356313104, "objectid": null, "assetid": null, "l_link_id": null, "l_system": null, "elr": null, "l_m_from": null, "l_m_to": null, "shape_len": null, "lm_start": null, "hm_end": null, "start": 23810.0616, "end": 29244.3408, "chain": 28089.805292307137 }, "geometry": { "type": "Point", "coordinates": [ 358571.053344165673479, 405110.614308197982609, 0.0 ] } },
{ "type": "Feature", "properties": { "cat": 217, "lcat": 805, "along": 4308.1750906807601, "objectid": null, "assetid": null, "l_link_id": null, "l_system": null, "elr": null, "l_m_from": null, "l_m_to": null, "shape_len": null, "lm_start": null, "hm_end": null, "start": 23810.0616, "end": 29244.3408, "chain": 28109.711076922522 }, "geometry": { "type": "Point", "coordinates": [ 358553.177700541447848, 405119.446996925980784, 0.0 ] } },
{ "type": "Feature", "properties": { "cat": 218, "lcat": 805, "along": 4328.1203457302099, "objectid": null, "assetid": null, "l_link_id": null, "l_system": null, "elr": null, "l_m_from": null, "l_m_to": null, "shape_len": null, "lm_start": null, "hm_end": null, "start": 23810.0616, "end": 29244.3408, "chain": 28129.616861537907 }, "geometry": { "type": "Point", "coordinates": [ 358535.575764439010527, 405128.827031277352944, 0.0 ] } },
{ "type": "Feature", "properties": { "cat": 219, "lcat": 805, "along": 4348.0656007796597, "objectid": null, "assetid": null, "l_link_id": null, "l_system": null, "elr": null, "l_m_from": null, "l_m_to": null, "shape_len": null, "lm_start": null, "hm_end": null, "start": 23810.0616, "end": 29244.3408, "chain": 28149.522646153287 }, "geometry": { "type": "Point", "coordinates": [ 358518.390014701988548, 405138.930645882559475, 0.0 ] } },
{ "type": "Feature", "properties": { "cat": 220, "lcat": 805, "along": 4368.0108558291004, "objectid": null, "assetid": null, "l_link_id": null, "l_system": null, "elr": null, "l_m_from": null, "l_m_to": null, "shape_len": null, "lm_start": null, "hm_end": null, "start": 23810.0616, "end": 29244.3408, "chain": 28169.428430768665 }, "geometry": { "type": "Point", "coordinates": [ 358501.431393070088234, 405149.429138695064466, 0.0 ] } },
{ "type": "Feature", "properties": { "cat": 221, "lcat": 805, "along": 4387.9561108785501, "objectid": null, "assetid": null, "l_link_id": null, "l_system": null, "elr": null, "l_m_from": null, "l_m_to": null, "shape_len": null, "lm_start": null, "hm_end": null, "start": 23810.0616, "end": 29244.3408, "chain": 28189.334215384049 }, "geometry": { "type": "Point", "coordinates": [ 358484.472771438246127, 405159.927631507569458, 0.0 ] } },
{ "type": "Feature", "properties": { "cat": 222, "lcat": 805, "along": 4407.9013659279999, "objectid": null, "assetid": null, "l_link_id": null, "l_system": null, "elr": null, "l_m_from": null, "l_m_to": null, "shape_len": null, "lm_start": null, "hm_end": null, "start": 23810.0616, "end": 29244.3408, "chain": 28209.23999999943 }, "geometry": { "type": "Point", "coordinates": [ 358467.514149806345813, 405170.426124320016243, 0.0 ] } },
{ "type": "Feature", "properties": { "cat": 223, "lcat": 805, "along": 4427.8466209774497, "objectid": null, "assetid": null, "l_link_id": null, "l_system": null, "elr": null, "l_m_from": null, "l_m_to": null, "shape_len": null, "lm_start": null, "hm_end": null, "start": 23810.0616, "end": 29244.3408, "chain": 28229.145784614815 }, "geometry": { "type": "Point", "coordinates": [ 358451.178657473123167, 405181.845830049423967, 0.0 ] } },
{ "type": "Feature", "properties": { "cat": 224, "lcat": 805, "along": 4447.7918760268903, "objectid": null, "assetid": null, "l_link_id": null, "l_system": null, "elr": null, "l_m_from": null, "l_m_to": null, "shape_len": null, "lm_start": null, "hm_end": null, "start": 23810.0616, "end": 29244.3408, "chain": 28249.051569230189 }, "geometry": { "type": "Point", "coordinates": [ 358435.122879459697288, 405193.679054097447079, 0.0 ] } },
{ "type": "Feature", "properties": { "cat": 225, "lcat": 805, "along": 4467.7371310763401, "objectid": null, "assetid": null, "l_link_id": null, "l_system": null, "elr": null, "l_m_from": null, "l_m_to": null, "shape_len": null, "lm_start": null, "hm_end": null, "start": 23810.0616, "end": 29244.3408, "chain": 28268.957353845573 }, "geometry": { "type": "Point", "coordinates": [ 358419.067092935321853, 405205.512266597477719, 0.0 ] } },
{ "type": "Feature", "properties": { "cat": 226, "lcat": 805, "along": 4487.6823861257899, "objectid": null, "assetid": null, "l_link_id": null, "l_system": null, "elr": null, "l_m_from": null, "l_m_to": null, "shape_len": null, "lm_start": null, "hm_end": null, "start": 23810.0616, "end": 29244.3408, "chain": 28288.863138460958 }, "geometry": { "type": "Point", "coordinates": [ 358403.011334759939928, 405217.345517555833794, 0.0 ] } },
{ "type": "Feature", "properties": { "cat": 227, "lcat": 805, "along": 4507.6276411752397, "objectid": null, "assetid": null, "l_link_id": null, "l_system": null, "elr": null, "l_m_from": null, "l_m_to": null, "shape_len": null, "lm_start": null, "hm_end": null, "start": 23810.0616, "end": 29244.3408, "chain": 28308.768923076343 }, "geometry": { "type": "Point", "coordinates": [ 358386.955555734632071, 405229.178740230912808, 0.0 ] } },
{ "type": "Feature", "properties": { "cat": 228, "lcat": 805, "along": 4527.5728962246903, "objectid": null, "assetid": null, "l_link_id": null, "l_system": null, "elr": null, "l_m_from": null, "l_m_to": null, "shape_len": null, "lm_start": null, "hm_end": null, "start": 23810.0616, "end": 29244.3408, "chain": 28328.674707691727 }, "geometry": { "type": "Point", "coordinates": [ 358370.899776709324215, 405241.011962905991822, 0.0 ] } },
{ "type": "Feature", "properties": { "cat": 229, "lcat": 805, "along": 4547.5181512741301, "objectid": null, "assetid": null, "l_link_id": null, "l_system": null, "elr": null, "l_m_from": null, "l_m_to": null, "shape_len": null, "lm_start": null, "hm_end": null, "start": 23810.0616, "end": 29244.3408, "chain": 28348.580492307101 }, "geometry": { "type": "Point", "coordinates": [ 358355.781582063355017, 405253.927677671308629, 0.0 ] } },
{ "type": "Feature", "properties": { "cat": 230, "lcat": 805, "along": 4567.4634063235799, "objectid": null, "assetid": null, "l_link_id": null, "l_system": null, "elr": null, "l_m_from": null, "l_m_to": null, "shape_len": null, "lm_start": null, "hm_end": null, "start": 23810.0616, "end": 29244.3408, "chain": 28368.486276922486 }, "geometry": { "type": "Point", "coordinates": [ 358341.777934824523982, 405268.130179669184145, 0.0 ] } },
{ "type": "Feature", "properties": { "cat": 231, "lcat": 805, "along": 4587.4086613730296, "objectid": null, "assetid": null, "l_link_id": null, "l_system": null, "elr": null, "l_m_from": null, "l_m_to": null, "shape_len": null, "lm_start": null, "hm_end": null, "start": 23810.0616, "end": 29244.3408, "chain": 28388.392061537867 }, "geometry": { "type": "Point", "coordinates": [ 358327.862277839973103, 405282.409073212882504, 0.0 ] } },
{ "type": "Feature", "properties": { "cat": 232, "lcat": 805, "along": 4607.3539164224803, "objectid": null, "assetid": null, "l_link_id": null, "l_system": null, "elr": null, "l_m_from": null, "l_m_to": null, "shape_len": null, "lm_start": null, "hm_end": null, "start": 23810.0616, "end": 29244.3408, "chain": 28408.297846153251 }, "geometry": { "type": "Point", "coordinates": [ 358315.766886433353648, 405298.268288379709702, 0.0 ] } },
{ "type": "Feature", "properties": { "cat": 233, "lcat": 805, "along": 4627.2991714719301, "objectid": null, "assetid": null, "l_link_id": null, "l_system": null, "elr": null, "l_m_from": null, "l_m_to": null, "shape_len": null, "lm_start": null, "hm_end": null, "start": 23810.0616, "end": 29244.3408, "chain": 28428.203630768636 }, "geometry": { "type": "Point", "coordinates": [ 358304.049917761352845, 405314.395556040923111, 0.0 ] } },
{ "type": "Feature", "properties": { "cat": 234, "lcat": 805, "along": 4647.2444265213699, "objectid": null, "assetid": null, "l_link_id": null, "l_system": null, "elr": null, "l_m_from": null, "l_m_to": null, "shape_len": null, "lm_start": null, "hm_end": null, "start": 23810.0616, "end": 29244.3408, "chain": 28448.109415384009 }, "geometry": { "type": "Point", "coordinates": [ 358293.102059482363984, 405331.067616444197483, 0.0 ] } },
{ "type": "Feature", "properties": { "cat": 235, "lcat": 805, "along": 4667.1896815708196, "objectid": null, "assetid": null, "l_link_id": null, "l_system": null, "elr": null, "l_m_from": null, "l_m_to": null, "shape_len": null, "lm_start": null, "hm_end": null, "start": 23810.0616, "end": 29244.3408, "chain": 28468.015199999394 }, "geometry": { "type": "Point", "coordinates": [ 358282.695064568077214, 405348.078598522697575, 0.0 ] } },
{ "type": "Feature", "properties": { "cat": 236, "lcat": 805, "along": 4687.1349366202703, "objectid": null, "assetid": null, "l_link_id": null, "l_system": null, "elr": null, "l_m_from": null, "l_m_to": null, "shape_len": null, "lm_start": null, "hm_end": null, "start": 23810.0616, "end": 29244.3408, "chain": 28487.920984614779 }, "geometry": { "type": "Point", "coordinates": [ 358272.46615921886405, 405365.201177018461749, 0.0 ] } },
{ "type": "Feature", "properties": { "cat": 237, "lcat": 805, "along": 4707.0801916697201, "objectid": null, "assetid": null, "l_link_id": null, "l_system": null, "elr": null, "l_m_from": null, "l_m_to": null, "shape_len": null, "lm_start": null, "hm_end": null, "start": 23810.0616, "end": 29244.3408, "chain": 28507.826769230163 }, "geometry": { "type": "Point", "coordinates": [ 358262.237253869592678, 405382.323755514225923, 0.0 ] } },
{ "type": "Feature", "properties": { "cat": 238, "lcat": 805, "along": 4727.0254467191698, "objectid": null, "assetid": null, "l_link_id": null, "l_system": null, "elr": null, "l_m_from": null, "l_m_to": null, "shape_len": null, "lm_start": null, "hm_end": null, "start": 23810.0616, "end": 29244.3408, "chain": 28527.732553845548 }, "geometry": { "type": "Point", "coordinates": [ 358252.008348520379514, 405399.446334010048304, 0.0 ] } },
{ "type": "Feature", "properties": { "cat": 239, "lcat": 805, "along": 4746.9707017686096, "objectid": null, "assetid": null, "l_link_id": null, "l_system": null, "elr": null, "l_m_from": null, "l_m_to": null, "shape_len": null, "lm_start": null, "hm_end": null, "start": 23810.0616, "end": 29244.3408, "chain": 28547.638338460922 }, "geometry": { "type": "Point", "coordinates": [ 358241.779443171166349, 405416.568912505812477, 0.0 ] } },
{ "type": "Feature", "properties": { "cat": 240, "lcat": 805, "along": 4766.9159568180603, "objectid": null, "assetid": null, "l_link_id": null, "l_system": null, "elr": null, "l_m_from": null, "l_m_to": null, "shape_len": null, "lm_start": null, "hm_end": null, "start": 23810.0616, "end": 29244.3408, "chain": 28567.544123076306 }, "geometry": { "type": "Point", "coordinates": [ 358231.550537821953185, 405433.691491001576651, 0.0 ] } },
{ "type": "Feature", "properties": { "cat": 241, "lcat": 805, "along": 4786.8612118675101, "objectid": null, "assetid": null, "l_link_id": null, "l_system": null, "elr": null, "l_m_from": null, "l_m_to": null, "shape_len": null, "lm_start": null, "hm_end": null, "start": 23810.0616, "end": 29244.3408, "chain": 28587.449907691687 }, "geometry": { "type": "Point", "coordinates": [ 358221.321632472740021, 405450.814069497340824, 0.0 ] } },
{ "type": "Feature", "properties": { "cat": 242, "lcat": 805, "along": 4806.8064669169598, "objectid": null, "assetid": null, "l_link_id": null, "l_system": null, "elr": null, "l_m_from": null, "l_m_to": null, "shape_len": null, "lm_start": null, "hm_end": null, "start": 23810.0616, "end": 29244.3408, "chain": 28607.355692307072 }, "geometry": { "type": "Point", "coordinates": [ 358209.948429737181868, 405467.182269955403171, 0.0 ] } },
{ "type": "Feature", "properties": { "cat": 243, "lcat": 805, "along": 4826.7517219664096, "objectid": null, "assetid": null, "l_link_id": null, "l_system": null, "elr": null, "l_m_from": null, "l_m_to": null, "shape_len": null, "lm_start": null, "hm_end": null, "start": 23810.0616, "end": 29244.3408, "chain": 28627.261476922456 }, "geometry": { "type": "Point", "coordinates": [ 358197.442750799120404, 405482.671269150800072, 0.0 ] } },
{ "type": "Feature", "properties": { "cat": 244, "lcat": 805, "along": 4846.6969770158503, "objectid": null, "assetid": null, "l_link_id": null, "l_system": null, "elr": null, "l_m_from": null, "l_m_to": null, "shape_len": null, "lm_start": null, "hm_end": null, "start": 23810.0616, "end": 29244.3408, "chain": 28647.16726153783 }, "geometry": { "type": "Point", "coordinates": [ 358182.985952531686053, 405496.357525096100289, 0.0 ] } },
{ "type": "Feature", "properties": { "cat": 245, "lcat": 805, "along": 4866.6422320653, "objectid": null, "assetid": null, "l_link_id": null, "l_system": null, "elr": null, "l_m_from": null, "l_m_to": null, "shape_len": null, "lm_start": null, "hm_end": null, "start": 23810.0616, "end": 29244.3408, "chain": 28667.073046153215 }, "geometry": { "type": "Point", "coordinates": [ 358167.673265293706208, 405509.13777581899194, 0.0 ] } },
{ "type": "Feature", "properties": { "cat": 246, "lcat": 805, "along": 4886.5874871147498, "objectid": null, "assetid": null, "l_link_id": null, "l_system": null, "elr": null, "l_m_from": null, "l_m_to": null, "shape_len": null, "lm_start": null, "hm_end": null, "start": 23810.0616, "end": 29244.3408, "chain": 28686.978830768599 }, "geometry": { "type": "Point", "coordinates": [ 358152.025572767772246, 405521.481250220560469, 0.0 ] } },
{ "type": "Feature", "properties": { "cat": 247, "lcat": 805, "along": 4906.5327421641996, "objectid": null, "assetid": null, "l_link_id": null, "l_system": null, "elr": null, "l_m_from": null, "l_m_to": null, "shape_len": null, "lm_start": null, "hm_end": null, "start": 23810.0616, "end": 29244.3408, "chain": 28706.884615383984 }, "geometry": { "type": "Point", "coordinates": [ 358135.71278624702245, 405532.957582165778149, 0.0 ] } },
{ "type": "Feature", "properties": { "cat": 248, "lcat": 805, "along": 4926.4779972136503, "objectid": null, "assetid": null, "l_link_id": null, "l_system": null, "elr": null, "l_m_from": null, "l_m_to": null, "shape_len": null, "lm_start": null, "hm_end": null, "start": 23810.0616, "end": 29244.3408, "chain": 28726.790399999369 }, "geometry": { "type": "Point", "coordinates": [ 358118.85939037980279, 405543.583241361193359, 0.0 ] } },
{ "type": "Feature", "properties": { "cat": 249, "lcat": 805, "along": 4946.42325226309, "objectid": null, "assetid": null, "l_link_id": null, "l_system": null, "elr": null, "l_m_from": null, "l_m_to": null, "shape_len": null, "lm_start": null, "hm_end": null, "start": 23810.0616, "end": 29244.3408, "chain": 28746.696184614742 }, "geometry": { "type": "Point", "coordinates": [ 358101.321515592746437, 405553.053287077404093, 0.0 ] } },
{ "type": "Feature", "properties": { "cat": 250, "lcat": 805, "along": 4966.3685073125398, "objectid": null, "assetid": null, "l_link_id": null, "l_system": null, "elr": null, "l_m_from": null, "l_m_to": null, "shape_len": null, "lm_start": null, "hm_end": null, "start": 23810.0616, "end": 29244.3408, "chain": 28766.601969230127 }, "geometry": { "type": "Point", "coordinates": [ 358083.251700177439488, 405561.49692194891395, 0.0 ] } },
{ "type": "Feature", "properties": { "cat": 251, "lcat": 805, "along": 4986.3137623619896, "objectid": null, "assetid": null, "l_link_id": null, "l_system": null, "elr": null, "l_m_from": null, "l_m_to": null, "shape_len": null, "lm_start": null, "hm_end": null, "start": 23810.0616, "end": 29244.3408, "chain": 28786.507753845508 }, "geometry": { "type": "Point", "coordinates": [ 358065.036322585190646, 405569.593741759075783, 0.0 ] } },
{ "type": "Feature", "properties": { "cat": 252, "lcat": 805, "along": 5006.2590174114403, "objectid": null, "assetid": null, "l_link_id": null, "l_system": null, "elr": null, "l_m_from": null, "l_m_to": null, "shape_len": null, "lm_start": null, "hm_end": null, "start": 23810.0616, "end": 29244.3408, "chain": 28806.413538460893 }, "geometry": { "type": "Point", "coordinates": [ 358046.353061191504821, 405576.575786064495333, 0.0 ] } },
{ "type": "Feature", "properties": { "cat": 253, "lcat": 805, "along": 5026.20427246089, "objectid": null, "assetid": null, "l_link_id": null, "l_system": null, "elr": null, "l_m_from": null, "l_m_to": null, "shape_len": null, "lm_start": null, "hm_end": null, "start": 23810.0616, "end": 29244.3408, "chain": 28826.319323076277 }, "geometry": { "type": "Point", "coordinates": [ 358027.669792218250223, 405583.557810087746475, 0.0 ] } },
{ "type": "Feature", "properties": { "cat": 254, "lcat": 805, "along": 5046.1495275103298, "objectid": null, "assetid": null, "l_link_id": null, "l_system": null, "elr": null, "l_m_from": null, "l_m_to": null, "shape_len": null, "lm_start": null, "hm_end": null, "start": 23810.0616, "end": 29244.3408, "chain": 28846.225107691651 }, "geometry": { "type": "Point", "coordinates": [ 358008.9865151035483, 405590.539812325092498, 0.0 ] } },
{ "type": "Feature", "properties": { "cat": 255, "lcat": 805, "along": 5066.0947825597796, "objectid": null, "assetid": null, "l_link_id": null, "l_system": null, "elr": null, "l_m_from": null, "l_m_to": null, "shape_len": null, "lm_start": null, "hm_end": null, "start": 23810.0616, "end": 29244.3408, "chain": 28866.130892307036 }, "geometry": { "type": "Point", "coordinates": [ 357990.130511132592801, 405597.021988306834828, 0.0 ] } },
{ "type": "Feature", "properties": { "cat": 256, "lcat": 805, "along": 5086.0400376092302, "objectid": null, "assetid": null, "l_link_id": null, "l_system": null, "elr": null, "l_m_from": null, "l_m_to": null, "shape_len": null, "lm_start": null, "hm_end": null, "start": 23810.0616, "end": 29244.3408, "chain": 28886.03667692242 }, "geometry": { "type": "Point", "coordinates": [ 357971.122750734444708, 405603.065020958893001, 0.0 ] } },
{ "type": "Feature", "properties": { "cat": 257, "lcat": 805, "along": 5105.98529265868, "objectid": null, "assetid": null, "l_link_id": null, "l_system": null, "elr": null, "l_m_from": null, "l_m_to": null, "shape_len": null, "lm_start": null, "hm_end": null, "start": 23810.0616, "end": 29244.3408, "chain": 28905.942461537805 }, "geometry": { "type": "Point", "coordinates": [ 357952.114990336296614, 405609.108053610951174, 0.0 ] } },
{ "type": "Feature", "properties": { "cat": 258, "lcat": 805, "along": 5125.9305477081298, "objectid": null, "assetid": null, "l_link_id": null, "l_system": null, "elr": null, "l_m_from": null, "l_m_to": null, "shape_len": null, "lm_start": null, "hm_end": null, "start": 23810.0616, "end": 29244.3408, "chain": 28925.848246153189 }, "geometry": { "type": "Point", "coordinates": [ 357932.943596866447479, 405614.564024197403342, 0.0 ] } },
{ "type": "Feature", "properties": { "cat": 259, "lcat": 805, "along": 5145.8758027575705, "objectid": null, "assetid": null, "l_link_id": null, "l_system": null, "elr": null, "l_m_from": null, "l_m_to": null, "shape_len": null, "lm_start": null, "hm_end": null, "start": 23810.0616, "end": 29244.3408, "chain": 28945.754030768563 }, "geometry": { "type": "Point", "coordinates": [ 357913.550700650317594, 405619.225435291475151, 0.0 ] } },
{ "type": "Feature", "properties": { "cat": 260, "lcat": 805, "along": 5165.8210578070202, "objectid": null, "assetid": null, "l_link_id": null, "l_system": null, "elr": null, "l_m_from": null, "l_m_to": null, "shape_len": null, "lm_start": null, "hm_end": null, "start": 23810.0616, "end": 29244.3408, "chain": 28965.659815383948 }, "geometry": { "type": "Point", "coordinates": [ 357894.053337933670264, 405623.394373451883439, 0.0 ] } },
{ "type": "Feature", "properties": { "cat": 261, "lcat": 805, "along": 5185.76631285647, "objectid": null, "assetid": null, "l_link_id": null, "l_system": null, "elr": null, "l_m_from": null, "l_m_to": null, "shape_len": null, "lm_start": null, "hm_end": null, "start": 23810.0616, "end": 29244.3408, "chain": 28985.565599999329 }, "geometry": { "type": "Point", "coordinates": [ 357874.355485117819626, 405626.498392157955095, 0.0 ] } },
{ "type": "Feature", "properties": { "cat": 262, "lcat": 805, "along": 5205.7115679059198, "objectid": null, "assetid": null, "l_link_id": null, "l_system": null, "elr": null, "l_m_from": null, "l_m_to": null, "shape_len": null, "lm_start": null, "hm_end": null, "start": 23810.0616, "end": 29244.3408, "chain": 29005.471384614713 }, "geometry": { "type": "Point", "coordinates": [ 357854.562371353327762, 405628.945741126080975, 0.0 ] } },
{ "type": "Feature", "properties": { "cat": 263, "lcat": 805, "along": 5225.6568229553604, "objectid": null, "assetid": null, "l_link_id": null, "l_system": null, "elr": null, "l_m_from": null, "l_m_to": null, "shape_len": null, "lm_start": null, "hm_end": null, "start": 23810.0616, "end": 29244.3408, "chain": 29025.377169230087 }, "geometry": { "type": "Point", "coordinates": [ 357834.712049003399443, 405630.827668077487033, 0.0 ] } },
{ "type": "Feature", "properties": { "cat": 264, "lcat": 805, "along": 5245.6020780048102, "objectid": null, "assetid": null, "l_link_id": null, "l_system": null, "elr": null, "l_m_from": null, "l_m_to": null, "shape_len": null, "lm_start": null, "hm_end": null, "start": 23810.0616, "end": 29244.3408, "chain": 29045.282953845472 }, "geometry": { "type": "Point", "coordinates": [ 357814.794903864094522, 405631.835937780560926, 0.0 ] } },
{ "type": "Feature", "properties": { "cat": 265, "lcat": 805, "along": 5265.54733305426, "objectid": null, "assetid": null, "l_link_id": null, "l_system": null, "elr": null, "l_m_from": null, "l_m_to": null, "shape_len": null, "lm_start": null, "hm_end": null, "start": 23810.0616, "end": 29244.3408, "chain": 29065.188738460856 }, "geometry": { "type": "Point", "coordinates": [ 357794.873328897287138, 405632.807074929063674, 0.0 ] } },
{ "type": "Feature", "properties": { "cat": 266, "lcat": 805, "along": 5285.4925881037097, "objectid": null, "assetid": null, "l_link_id": null, "l_system": null, "elr": null, "l_m_from": null, "l_m_to": null, "shape_len": null, "lm_start": null, "hm_end": null, "start": 23810.0616, "end": 29244.3408, "chain": 29085.094523076241 }, "geometry": { "type": "Point", "coordinates": [ 357774.951847908669151, 405633.780622159189079, 0.0 ] } },
{ "type": "Feature", "properties": { "cat": 267, "lcat": 805, "along": 5305.4378431531604, "objectid": null, "assetid": null, "l_link_id": null, "l_system": null, "elr": null, "l_m_from": null, "l_m_to": null, "shape_len": null, "lm_start": null, "hm_end": null, "start": 23810.0616, "end": 29244.3408, "chain": 29105.000307691625 }, "geometry": { "type": "Point", "coordinates": [ 357755.030366920109373, 405634.754169389314484, 0.0 ] } },
{ "type": "Feature", "properties": { "cat": 268, "lcat": 805, "along": 5325.3830982026002, "objectid": null, "assetid": null, "l_link_id": null, "l_system": null, "elr": null, "l_m_from": null, "l_m_to": null, "shape_len": null, "lm_start": null, "hm_end": null, "start": 23810.0616, "end": 29244.3408, "chain": 29124.906092306999 }, "geometry": { "type": "Point", "coordinates": [ 357735.108885931549594, 405635.727716619439889, 0.0 ] } },
{ "type": "Feature", "properties": { "cat": 269, "lcat": 805, "along": 5345.32835325205, "objectid": null, "assetid": null, "l_link_id": null, "l_system": null, "elr": null, "l_m_from": null, "l_m_to": null, "shape_len": null, "lm_start": null, "hm_end": null, "start": 23810.0616, "end": 29244.3408, "chain": 29144.811876922384 }, "geometry": { "type": "Point", "coordinates": [ 357715.187404942989815, 405636.701263849565294, 0.0 ] } },
{ "type": "Feature", "properties": { "cat": 270, "lcat": 805, "along": 5365.2736083014997, "objectid": null, "assetid": null, "l_link_id": null, "l_system": null, "elr": null, "l_m_from": null, "l_m_to": null, "shape_len": null, "lm_start": null, "hm_end": null, "start": 23810.0616, "end": 29244.3408, "chain": 29164.717661537768 }, "geometry": { "type": "Point", "coordinates": [ 357695.265923954371829, 405637.674811079690699, 0.0 ] } },
{ "type": "Feature", "properties": { "cat": 271, "lcat": 805, "along": 5385.2188633509504, "objectid": null, "assetid": null, "l_link_id": null, "l_system": null, "elr": null, "l_m_from": null, "l_m_to": null, "shape_len": null, "lm_start": null, "hm_end": null, "start": 23810.0616, "end": 29244.3408, "chain": 29184.623446153149 }, "geometry": { "type": "Point", "coordinates": [ 357675.34444296581205, 405638.648358309757896, 0.0 ] } },
{ "type": "Feature", "properties": { "cat": 272, "lcat": 805, "along": 5405.1641184004002, "objectid": null, "assetid": null, "l_link_id": null, "l_system": null, "elr": null, "l_m_from": null, "l_m_to": null, "shape_len": null, "lm_start": null, "hm_end": null, "start": 23810.0616, "end": 29244.3408, "chain": 29204.529230768534 }, "geometry": { "type": "Point", "coordinates": [ 357655.422961977252271, 405639.621905539883301, 0.0 ] } },
{ "type": "Feature", "properties": { "cat": 273, "lcat": 805, "along": 5425.1093734498399, "objectid": null, "assetid": null, "l_link_id": null, "l_system": null, "elr": null, "l_m_from": null, "l_m_to": null, "shape_len": null, "lm_start": null, "hm_end": null, "start": 23810.0616, "end": 29244.3408, "chain": 29224.435015383908 }, "geometry": { "type": "Point", "coordinates": [ 357635.501480988634285, 405640.595452770008706, 0.0 ] } },
{ "type": "Feature", "properties": { "cat": 274, "lcat": 805, "along": 5445.0546284992897, "objectid": null, "assetid": null, "l_link_id": null, "l_system": null, "elr": null, "l_m_from": null, "l_m_to": null, "shape_len": null, "lm_start": null, "hm_end": null, "start": 23810.0616, "end": 29244.3408, "chain": 29244.340799999292 }, "geometry": { "type": "Point", "coordinates": [ 357615.580000000074506, 405641.56900000013411, 0.0 ] } }
]
}
